name,action,confidence_score,risk_score,impact_score,red_flags,name_confidence,phone_confidence,address_confidence,specialty_confidence,state_confidence,npi_confidence,license_confidence
Jamie Murphy,auto_resolve,85,35,100,INCONSISTENT_SPECIALTY: Multiple conflicting values found; INCONSISTENT_STATE: Multiple conflicting values found; STATE_MISMATCH: Practice state differs from license state,50,50,50,75,100,100,100
Joseph Lang,manual_review,60,100,70,INCONSISTENT_SPECIALTY: Multiple conflicting values found; INCONSISTENT_STATE: Multiple conflicting values found; INACTIVE_LICENSE: Provider has inactive license; STATE_MISMATCH: Practice state differs from license state,50,50,50,75,100,100,50
Austin Berg,manual_review,75,100,80,INCONSISTENT_SPECIALTY: Multiple conflicting values found; INCONSISTENT_STATE: Multiple conflicting values found; INACTIVE_LICENSE: Provider has inactive license; STATE_MISMATCH: Practice state differs from license state,50,50,50,75,100,100,50
Thomas Horn,manual_review,60,100,90,INCONSISTENT_NAME: Multiple conflicting values found; INCONSISTENT_SPECIALTY: Multiple conflicting values found; INCONSISTENT_STATE: Multiple conflicting values found; INACTIVE_LICENSE: Provider has inactive license; STATE_MISMATCH: Practice state differs from license state,50,50,50,75,100,100,50
Robert Jenkins,manual_review,100,60,100,INCONSISTENT_NAME: Multiple conflicting values found; INCONSISTENT_SPECIALTY: Multiple conflicting values found; INCONSISTENT_STATE: Multiple conflicting values found; STATE_MISMATCH: Practice state differs from license state,50,50,50,75,100,100,100
Paul Dixon,manual_review,75,100,70,INCONSISTENT_SPECIALTY: Multiple conflicting values found; INCONSISTENT_STATE: Multiple conflicting values found; INACTIVE_LICENSE: Provider has inactive license; STATE_MISMATCH: Practice state differs from license state,50,50,50,75,100,100,50
Crystal Bush,manual_review,50,100,70,INCONSISTENT_SPECIALTY: Multiple conflicting values found; INCONSISTENT_STATE: Multiple conflicting values found; INACTIVE_LICENSE: Provider has inactive license; MISSING_NPI: No NPI number found; STATE_MISMATCH: Practice state differs from license state,50,50,50,75,100,0,50
Eugene Mckinney,manual_review,75,100,70,INCONSISTENT_NAME: Multiple conflicting values found; INCONSISTENT_SPECIALTY: Multiple conflicting values found; INCONSISTENT_STATE: Multiple conflicting values found; INACTIVE_LICENSE: Provider has inactive license; STATE_MISMATCH: Practice state differs from license state,50,50,50,75,100,100,50
Christopher Taylor,manual_review,35,100,80,INCONSISTENT_SPECIALTY: Multiple conflicting values found; INCONSISTENT_STATE: Multiple conflicting values found; INACTIVE_LICENSE: Provider has inactive license; MISSING_NPI: No NPI number found; STATE_MISMATCH: Practice state differs from license state,50,50,50,75,100,0,50
Scott Kelly,manual_review,60,100,70,INCONSISTENT_ADDRESS: Multiple conflicting values found; INCONSISTENT_SPECIALTY: Multiple conflicting values found; INCONSISTENT_STATE: Multiple conflicting values found; INACTIVE_LICENSE: Provider has inactive license; STATE_MISMATCH: Practice state differs from license state,50,50,50,75,100,100,50
Justin Miller,auto_resolve,85,40,70,INCONSISTENT_SPECIALTY: Multiple conflicting values found; INCONSISTENT_STATE: Multiple conflicting values found; STATE_MISMATCH: Practice state differs from license state,50,50,50,75,100,100,100
David Parks,manual_review,75,100,100,INCONSISTENT_SPECIALTY: Multiple conflicting values found; INCONSISTENT_STATE: Multiple conflicting values found; INACTIVE_LICENSE: Provider has inactive license; STATE_MISMATCH: Practice state differs from license state,50,50,50,75,100,100,50
Margaret Valdez,manual_review,100,60,70,INCONSISTENT_SPECIALTY: Multiple conflicting values found; INCONSISTENT_STATE: Multiple conflicting values found; STATE_MISMATCH: Practice state differs from license state,50,50,50,75,100,100,100
Julie Lewis,manual_review,100,60,90,INCONSISTENT_SPECIALTY: Multiple conflicting values found; INCONSISTENT_STATE: Multiple conflicting values found; STATE_MISMATCH: Practice state differs from license state,50,50,50,75,100,100,100
Joseph Young,manual_review,50,100,70,INCONSISTENT_SPECIALTY: Multiple conflicting values found; INACTIVE_LICENSE: Provider has inactive license; MISSING_NPI: No NPI number found,50,50,50,75,100,0,50
Dylan Baker,auto_resolve,85,15,30,INCONSISTENT_ADDRESS: Multiple conflicting values found,50,50,50,75,100,100,100
Jessica Moyer,manual_review,75,65,70,INCONSISTENT_SPECIALTY: Multiple conflicting values found; INCONSISTENT_STATE: Multiple conflicting values found; MISSING_NPI: No NPI number found; STATE_MISMATCH: Practice state differs from license state,50,50,50,75,100,0,100
Emma Johns,manual_review,100,60,90,INCONSISTENT_SPECIALTY: Multiple conflicting values found; INCONSISTENT_STATE: Multiple conflicting values found; STATE_MISMATCH: Practice state differs from license state,50,50,50,75,100,100,100
Haley Reyes,manual_review,75,75,90,INCONSISTENT_NAME: Multiple conflicting values found; INCONSISTENT_PHONE: Multiple conflicting values found; INCONSISTENT_SPECIALTY: Multiple conflicting values found; INCONSISTENT_STATE: Multiple conflicting values found; MISSING_NPI: No NPI number found; STATE_MISMATCH: Practice state differs from license state,50,50,50,75,100,0,100
Robert Thomas,manual_review,100,75,70,INCONSISTENT_NAME: Multiple conflicting values found; INCONSISTENT_ADDRESS: Multiple conflicting values found; INCONSISTENT_SPECIALTY: Multiple conflicting values found; INCONSISTENT_STATE: Multiple conflicting values found; STATE_MISMATCH: Practice state differs from license state,50,50,50,75,100,100,100
Brian Campos,manual_review,100,60,70,INCONSISTENT_SPECIALTY: Multiple conflicting values found; INCONSISTENT_STATE: Multiple conflicting values found; STATE_MISMATCH: Practice state differs from license state,50,50,50,75,100,100,100
Christian Smith,manual_review,75,100,80,INCONSISTENT_PHONE: Multiple conflicting values found; INCONSISTENT_SPECIALTY: Multiple conflicting values found; INCONSISTENT_STATE: Multiple conflicting values found; INACTIVE_LICENSE: Provider has inactive license; STATE_MISMATCH: Practice state differs from license state,50,50,50,75,100,100,50
Sandra Brown,manual_review,75,100,70,INCONSISTENT_ADDRESS: Multiple conflicting values found; INCONSISTENT_SPECIALTY: Multiple conflicting values found; INCONSISTENT_STATE: Multiple conflicting values found; MISSING_NPI: No NPI number found; STATE_MISMATCH: Practice state differs from license state,50,50,50,75,100,0,100
Andrew Carter,auto_resolve,100,35,70,INCONSISTENT_NAME: Multiple conflicting values found; INCONSISTENT_SPECIALTY: Multiple conflicting values found; INCONSISTENT_STATE: Multiple conflicting values found; STATE_MISMATCH: Practice state differs from license state,50,50,50,75,100,100,100
Jesse Torres,manual_review,75,90,70,INCONSISTENT_SPECIALTY: Multiple conflicting values found; INCONSISTENT_STATE: Multiple conflicting values found; MISSING_NPI: No NPI number found; STATE_MISMATCH: Practice state differs from license state,50,50,50,75,100,0,100
Joseph Weber MD,manual_review,60,100,90,INCONSISTENT_SPECIALTY: Multiple conflicting values found; INCONSISTENT_STATE: Multiple conflicting values found; INACTIVE_LICENSE: Provider has inactive license; STATE_MISMATCH: Practice state differs from license state,50,50,50,75,100,100,50
Brianna Watson,manual_review,100,75,80,INCONSISTENT_ADDRESS: Multiple conflicting values found; INCONSISTENT_SPECIALTY: Multiple conflicting values found; INCONSISTENT_STATE: Multiple conflicting values found; STATE_MISMATCH: Practice state differs from license state,50,50,50,75,100,100,100
Michael Morgan,manual_review,100,70,65,INCONSISTENT_NAME: Multiple conflicting values found; INCONSISTENT_PHONE: Multiple conflicting values found; INCONSISTENT_SPECIALTY: Multiple conflicting values found; INCONSISTENT_STATE: Multiple conflicting values found; STATE_MISMATCH: Practice state differs from license state,50,50,50,75,100,100,100
Michelle Smith,manual_review,75,100,90,INCONSISTENT_SPECIALTY: Multiple conflicting values found; INCONSISTENT_STATE: Multiple conflicting values found; INACTIVE_LICENSE: Provider has inactive license; STATE_MISMATCH: Practice state differs from license state,50,50,50,75,100,100,50
Rachel Long,manual_review,100,60,100,INCONSISTENT_SPECIALTY: Multiple conflicting values found; INCONSISTENT_STATE: Multiple conflicting values found; STATE_MISMATCH: Practice state differs from license state,50,50,50,75,100,100,100
Michael Contreras,manual_review,75,100,85,INCONSISTENT_NAME: Multiple conflicting values found; INCONSISTENT_PHONE: Multiple conflicting values found; INCONSISTENT_SPECIALTY: Multiple conflicting values found; INCONSISTENT_STATE: Multiple conflicting values found; MISSING_NPI: No NPI number found; STATE_MISMATCH: Practice state differs from license state,50,50,50,75,100,0,100
Tyrone Boyd,manual_review,75,100,65,INCONSISTENT_PHONE: Multiple conflicting values found; INCONSISTENT_SPECIALTY: Multiple conflicting values found; INCONSISTENT_STATE: Multiple conflicting values found; INACTIVE_LICENSE: Provider has inactive license; STATE_MISMATCH: Practice state differs from license state,50,50,50,75,100,100,50
Ashley Murphy,manual_review,60,100,100,INCONSISTENT_NAME: Multiple conflicting values found; INCONSISTENT_SPECIALTY: Multiple conflicting values found; INCONSISTENT_STATE: Multiple conflicting values found; INACTIVE_LICENSE: Provider has inactive license; STATE_MISMATCH: Practice state differs from license state,50,50,50,75,100,100,50
Madison Duffy,manual_review,75,90,85,INCONSISTENT_SPECIALTY: Multiple conflicting values found; INCONSISTENT_STATE: Multiple conflicting values found; MISSING_NPI: No NPI number found; STATE_MISMATCH: Practice state differs from license state,50,50,50,75,100,0,100
Diana Smith,manual_review,100,60,70,INCONSISTENT_SPECIALTY: Multiple conflicting values found; INCONSISTENT_STATE: Multiple conflicting values found; STATE_MISMATCH: Practice state differs from license state,50,50,50,75,100,100,100
Robert Gonzales,manual_review,75,100,70,INCONSISTENT_NAME: Multiple conflicting values found; INCONSISTENT_SPECIALTY: Multiple conflicting values found; INCONSISTENT_STATE: Multiple conflicting values found; INACTIVE_LICENSE: Provider has inactive license; STATE_MISMATCH: Practice state differs from license state,50,50,50,75,100,100,50
Gabriel Riley,manual_review,100,60,70,INCONSISTENT_SPECIALTY: Multiple conflicting values found; INCONSISTENT_STATE: Multiple conflicting values found; STATE_MISMATCH: Practice state differs from license state,50,50,50,75,100,100,100
Amber Allen,manual_review,75,100,70,INCONSISTENT_SPECIALTY: Multiple conflicting values found; INCONSISTENT_STATE: Multiple conflicting values found; INACTIVE_LICENSE: Provider has inactive license; STATE_MISMATCH: Practice state differs from license state,50,50,50,75,100,100,50
Donald Mercado,manual_review,85,60,70,INCONSISTENT_SPECIALTY: Multiple conflicting values found; INCONSISTENT_STATE: Multiple conflicting values found; STATE_MISMATCH: Practice state differs from license state,50,50,50,75,100,100,100
Roy Munoz,manual_review,50,100,65,INCONSISTENT_SPECIALTY: Multiple conflicting values found; INCONSISTENT_STATE: Multiple conflicting values found; INACTIVE_LICENSE: Provider has inactive license; MISSING_NPI: No NPI number found; STATE_MISMATCH: Practice state differs from license state,50,50,50,75,100,0,50
Robert Barnett,auto_resolve,85,50,70,INCONSISTENT_ADDRESS: Multiple conflicting values found; INCONSISTENT_SPECIALTY: Multiple conflicting values found; INCONSISTENT_STATE: Multiple conflicting values found; STATE_MISMATCH: Practice state differs from license state,50,50,50,75,100,100,100
Cheryl Brooks,manual_review,100,60,70,INCONSISTENT_PHONE: Multiple conflicting values found; INCONSISTENT_ADDRESS: Multiple conflicting values found; INCONSISTENT_SPECIALTY: Multiple conflicting values found; INCONSISTENT_STATE: Multiple conflicting values found; STATE_MISMATCH: Practice state differs from license state,50,50,50,75,100,100,100
Kristen Mitchell,manual_review,60,100,70,INCONSISTENT_NAME: Multiple conflicting values found; INCONSISTENT_SPECIALTY: Multiple conflicting values found; INCONSISTENT_STATE: Multiple conflicting values found; INACTIVE_LICENSE: Provider has inactive license; STATE_MISMATCH: Practice state differs from license state,50,50,50,75,100,100,50
Ariana Edwards,manual_review,75,100,90,INCONSISTENT_ADDRESS: Multiple conflicting values found; INCONSISTENT_SPECIALTY: Multiple conflicting values found; INCONSISTENT_STATE: Multiple conflicting values found; INACTIVE_LICENSE: Provider has inactive license; STATE_MISMATCH: Practice state differs from license state,50,50,50,75,100,100,50
Jonathan Mills,manual_review,100,60,100,INCONSISTENT_SPECIALTY: Multiple conflicting values found; INCONSISTENT_STATE: Multiple conflicting values found; STATE_MISMATCH: Practice state differs from license state,50,50,50,75,100,100,100
Renee Berger,manual_review,60,100,70,INCONSISTENT_SPECIALTY: Multiple conflicting values found; INCONSISTENT_STATE: Multiple conflicting values found; INACTIVE_LICENSE: Provider has inactive license; STATE_MISMATCH: Practice state differs from license state,50,50,50,75,100,100,50
Michelle Park,manual_review,100,70,90,INCONSISTENT_PHONE: Multiple conflicting values found; INCONSISTENT_SPECIALTY: Multiple conflicting values found; INCONSISTENT_STATE: Multiple conflicting values found; STATE_MISMATCH: Practice state differs from license state,50,50,50,75,100,100,100
Molly Gould,manual_review,60,100,90,INCONSISTENT_SPECIALTY: Multiple conflicting values found; INCONSISTENT_STATE: Multiple conflicting values found; INACTIVE_LICENSE: Provider has inactive license; STATE_MISMATCH: Practice state differs from license state,50,50,50,75,100,100,50
Connor Taylor,auto_resolve,85,35,70,INCONSISTENT_SPECIALTY: Multiple conflicting values found; INCONSISTENT_STATE: Multiple conflicting values found; STATE_MISMATCH: Practice state differs from license state,50,50,50,75,100,100,100
Maria Harvey,manual_review,75,100,70,INCONSISTENT_SPECIALTY: Multiple conflicting values found; INCONSISTENT_STATE: Multiple conflicting values found; INACTIVE_LICENSE: Provider has inactive license; STATE_MISMATCH: Practice state differs from license state,50,50,50,75,100,100,50
Dana Allen,manual_review,60,100,65,INCONSISTENT_SPECIALTY: Multiple conflicting values found; INCONSISTENT_STATE: Multiple conflicting values found; INACTIVE_LICENSE: Provider has inactive license; STATE_MISMATCH: Practice state differs from license state,50,50,50,75,100,100,50
Sara Santos,manual_review,60,90,45,INCONSISTENT_PHONE: Multiple conflicting values found; INCONSISTENT_SPECIALTY: Multiple conflicting values found; INCONSISTENT_STATE: Multiple conflicting values found; INACTIVE_LICENSE: Provider has inactive license; STATE_MISMATCH: Practice state differs from license state,50,50,50,75,100,100,50
Jennifer Rivera,manual_review,75,100,55,INCONSISTENT_ADDRESS: Multiple conflicting values found; INCONSISTENT_SPECIALTY: Multiple conflicting values found; INCONSISTENT_STATE: Multiple conflicting values found; INACTIVE_LICENSE: Provider has inactive license; STATE_MISMATCH: Practice state differs from license state,50,50,50,75,100,100,50
Tara Warner,manual_review,75,75,70,INCONSISTENT_NAME: Multiple conflicting values found; INCONSISTENT_SPECIALTY: Multiple conflicting values found; INCONSISTENT_STATE: Multiple conflicting values found; INACTIVE_LICENSE: Provider has inactive license; STATE_MISMATCH: Practice state differs from license state,50,50,50,75,100,100,50
Michelle Jackson,auto_resolve,100,25,70,INCONSISTENT_STATE: Multiple conflicting values found; STATE_MISMATCH: Practice state differs from license state,50,50,50,75,100,100,100
Brandi Martin,manual_review,100,60,70,INCONSISTENT_SPECIALTY: Multiple conflicting values found; INCONSISTENT_STATE: Multiple conflicting values found; STATE_MISMATCH: Practice state differs from license state,50,50,50,75,100,100,100
Dr. Joan Rivera,manual_review,85,60,65,INCONSISTENT_SPECIALTY: Multiple conflicting values found; INCONSISTENT_STATE: Multiple conflicting values found; STATE_MISMATCH: Practice state differs from license state,50,50,50,75,100,100,100
Mr. Christopher Hill Jr.,manual_review,75,80,70,INCONSISTENT_SPECIALTY: Multiple conflicting values found; INCONSISTENT_STATE: Multiple conflicting values found; INACTIVE_LICENSE: Provider has inactive license; STATE_MISMATCH: Practice state differs from license state,50,50,50,75,100,100,50
David Silva,manual_review,35,100,80,INCONSISTENT_SPECIALTY: Multiple conflicting values found; INCONSISTENT_STATE: Multiple conflicting values found; INACTIVE_LICENSE: Provider has inactive license; MISSING_NPI: No NPI number found; STATE_MISMATCH: Practice state differs from license state,50,50,50,75,100,0,50
Erika Clark,manual_review,100,60,85,INCONSISTENT_SPECIALTY: Multiple conflicting values found; INCONSISTENT_STATE: Multiple conflicting values found; STATE_MISMATCH: Practice state differs from license state,50,50,50,75,100,100,100
Eric Gilbert,manual_review,35,100,100,INCONSISTENT_ADDRESS: Multiple conflicting values found; INCONSISTENT_SPECIALTY: Multiple conflicting values found; INCONSISTENT_STATE: Multiple conflicting values found; INACTIVE_LICENSE: Provider has inactive license; MISSING_NPI: No NPI number found; STATE_MISMATCH: Practice state differs from license state,50,50,50,75,100,0,50
Eric Solis,manual_review,75,100,100,INCONSISTENT_NAME: Multiple conflicting values found; INCONSISTENT_SPECIALTY: Multiple conflicting values found; INCONSISTENT_STATE: Multiple conflicting values found; INACTIVE_LICENSE: Provider has inactive license; STATE_MISMATCH: Practice state differs from license state,50,50,50,75,100,100,50
Alec Finley,manual_review,60,100,80,INCONSISTENT_ADDRESS: Multiple conflicting values found; INCONSISTENT_SPECIALTY: Multiple conflicting values found; INCONSISTENT_STATE: Multiple conflicting values found; INACTIVE_LICENSE: Provider has inactive license; STATE_MISMATCH: Practice state differs from license state,50,50,50,75,100,100,50
Kelly Gardner,auto_resolve,100,40,80,INCONSISTENT_SPECIALTY: Multiple conflicting values found; INCONSISTENT_STATE: Multiple conflicting values found; STATE_MISMATCH: Practice state differs from license state,50,50,50,75,100,100,100
John Scott,manual_review,75,85,70,INCONSISTENT_NAME: Multiple conflicting values found; INCONSISTENT_PHONE: Multiple conflicting values found; INCONSISTENT_SPECIALTY: Multiple conflicting values found; INCONSISTENT_STATE: Multiple conflicting values found; INACTIVE_LICENSE: Provider has inactive license; STATE_MISMATCH: Practice state differs from license state,50,50,50,75,100,100,50
Meghan Ho,manual_review,50,100,70,INCONSISTENT_NAME: Multiple conflicting values found; INCONSISTENT_PHONE: Multiple conflicting values found; INCONSISTENT_ADDRESS: Multiple conflicting values found; INCONSISTENT_SPECIALTY: Multiple conflicting values found; INCONSISTENT_STATE: Multiple conflicting values found; INACTIVE_LICENSE: Provider has inactive license; MISSING_NPI: No NPI number found; STATE_MISMATCH: Practice state differs from license state,50,50,50,75,100,0,50
Erika Cooper,auto_resolve,85,40,70,INCONSISTENT_SPECIALTY: Multiple conflicting values found; INCONSISTENT_STATE: Multiple conflicting values found; STATE_MISMATCH: Practice state differs from license state,50,50,50,75,100,100,100
Brent Phillips,manual_review,100,60,45,INCONSISTENT_SPECIALTY: Multiple conflicting values found; INCONSISTENT_STATE: Multiple conflicting values found; STATE_MISMATCH: Practice state differs from license state,50,50,50,75,100,100,100
Gary Vazquez,manual_review,75,100,80,INCONSISTENT_SPECIALTY: Multiple conflicting values found; INCONSISTENT_STATE: Multiple conflicting values found; INACTIVE_LICENSE: Provider has inactive license; STATE_MISMATCH: Practice state differs from license state,50,50,50,75,100,100,50
Joanna Swanson,manual_review,50,100,55,INCONSISTENT_NAME: Multiple conflicting values found; INCONSISTENT_SPECIALTY: Multiple conflicting values found; INCONSISTENT_STATE: Multiple conflicting values found; INACTIVE_LICENSE: Provider has inactive license; MISSING_NPI: No NPI number found; STATE_MISMATCH: Practice state differs from license state,50,50,50,75,100,0,50
Carlos Johnson,manual_review,75,100,90,INCONSISTENT_NAME: Multiple conflicting values found; INCONSISTENT_SPECIALTY: Multiple conflicting values found; INCONSISTENT_STATE: Multiple conflicting values found; INACTIVE_LICENSE: Provider has inactive license; STATE_MISMATCH: Practice state differs from license state,50,50,50,75,100,100,50
Rhonda Smith,manual_review,75,100,55,INCONSISTENT_PHONE: Multiple conflicting values found; INCONSISTENT_SPECIALTY: Multiple conflicting values found; INCONSISTENT_STATE: Multiple conflicting values found; MISSING_NPI: No NPI number found; STATE_MISMATCH: Practice state differs from license state,50,50,50,75,100,0,100
Michelle Brooks,manual_review,75,100,65,INCONSISTENT_SPECIALTY: Multiple conflicting values found; INCONSISTENT_STATE: Multiple conflicting values found; INACTIVE_LICENSE: Provider has inactive license; STATE_MISMATCH: Practice state differs from license state,50,50,50,75,100,100,50
Linda Morrison,manual_review,75,100,80,INCONSISTENT_NAME: Multiple conflicting values found; INCONSISTENT_SPECIALTY: Multiple conflicting values found; INCONSISTENT_STATE: Multiple conflicting values found; INACTIVE_LICENSE: Provider has inactive license; STATE_MISMATCH: Practice state differs from license state,50,50,50,75,100,100,50
Abigail Nash,manual_review,75,75,65,INCONSISTENT_SPECIALTY: Multiple conflicting values found; INCONSISTENT_STATE: Multiple conflicting values found; INACTIVE_LICENSE: Provider has inactive license; STATE_MISMATCH: Practice state differs from license state,50,50,50,75,100,100,50
Brandon Osborne,manual_review,100,60,100,INCONSISTENT_SPECIALTY: Multiple conflicting values found; INCONSISTENT_STATE: Multiple conflicting values found; STATE_MISMATCH: Practice state differs from license state,50,50,50,75,100,100,100
Carolyn Hudson,manual_review,100,75,80,INCONSISTENT_ADDRESS: Multiple conflicting values found; INCONSISTENT_SPECIALTY: Multiple conflicting values found; INCONSISTENT_STATE: Multiple conflicting values found; STATE_MISMATCH: Practice state differs from license state,50,50,50,75,100,100,100
Ryan Serrano,manual_review,75,100,70,INCONSISTENT_PHONE: Multiple conflicting values found; INCONSISTENT_SPECIALTY: Multiple conflicting values found; INCONSISTENT_STATE: Multiple conflicting values found; INACTIVE_LICENSE: Provider has inactive license; STATE_MISMATCH: Practice state differs from license state,50,50,50,75,100,100,50
Matthew Horne,manual_review,75,100,55,INCONSISTENT_SPECIALTY: Multiple conflicting values found; INCONSISTENT_STATE: Multiple conflicting values found; INACTIVE_LICENSE: Provider has inactive license; STATE_MISMATCH: Practice state differs from license state,50,50,50,75,100,100,50
Vanessa Graham,manual_review,85,70,55,INCONSISTENT_PHONE: Multiple conflicting values found; INCONSISTENT_SPECIALTY: Multiple conflicting values found; INCONSISTENT_STATE: Multiple conflicting values found; STATE_MISMATCH: Practice state differs from license state,50,50,50,75,100,100,100
James Delgado,manual_review,50,100,90,INCONSISTENT_PHONE: Multiple conflicting values found; INCONSISTENT_SPECIALTY: Multiple conflicting values found; INCONSISTENT_STATE: Multiple conflicting values found; INACTIVE_LICENSE: Provider has inactive license; MISSING_NPI: No NPI number found; STATE_MISMATCH: Practice state differs from license state,50,50,50,75,100,0,50
Jennifer Gilmore,manual_review,75,100,80,INCONSISTENT_PHONE: Multiple conflicting values found; INCONSISTENT_SPECIALTY: Multiple conflicting values found; INCONSISTENT_STATE: Multiple conflicting values found; INACTIVE_LICENSE: Provider has inactive license; STATE_MISMATCH: Practice state differs from license state,50,50,50,75,100,100,50
Tonya Rivera,manual_review,60,75,75,INCONSISTENT_SPECIALTY: Multiple conflicting values found; INCONSISTENT_STATE: Multiple conflicting values found; INACTIVE_LICENSE: Provider has inactive license; STATE_MISMATCH: Practice state differs from license state,50,50,50,75,100,100,50
Eric Villanueva,manual_review,75,100,80,INCONSISTENT_NAME: Multiple conflicting values found; INCONSISTENT_SPECIALTY: Multiple conflicting values found; INCONSISTENT_STATE: Multiple conflicting values found; INACTIVE_LICENSE: Provider has inactive license; STATE_MISMATCH: Practice state differs from license state,50,50,50,75,100,100,50
Mike Mason,manual_review,75,80,65,INCONSISTENT_SPECIALTY: Multiple conflicting values found; INCONSISTENT_STATE: Multiple conflicting values found; INACTIVE_LICENSE: Provider has inactive license; STATE_MISMATCH: Practice state differs from license state,50,50,50,75,100,100,50
Jordan Mullins,auto_resolve,85,40,90,INCONSISTENT_SPECIALTY: Multiple conflicting values found; INCONSISTENT_STATE: Multiple conflicting values found; STATE_MISMATCH: Practice state differs from license state,50,50,50,75,100,100,100
Maria Clay,manual_review,100,60,70,INCONSISTENT_NAME: Multiple conflicting values found; INCONSISTENT_SPECIALTY: Multiple conflicting values found; INCONSISTENT_STATE: Multiple conflicting values found; STATE_MISMATCH: Practice state differs from license state,50,50,50,75,100,100,100
James White,manual_review,60,100,90,INCONSISTENT_PHONE: Multiple conflicting values found; INCONSISTENT_SPECIALTY: Multiple conflicting values found; INCONSISTENT_STATE: Multiple conflicting values found; INACTIVE_LICENSE: Provider has inactive license; STATE_MISMATCH: Practice state differs from license state,50,50,50,75,100,100,50
George Waller,manual_review,75,95,40,INCONSISTENT_ADDRESS: Multiple conflicting values found; INCONSISTENT_SPECIALTY: Multiple conflicting values found; INCONSISTENT_STATE: Multiple conflicting values found; INACTIVE_LICENSE: Provider has inactive license; STATE_MISMATCH: Practice state differs from license state,50,50,50,75,100,100,50
Roger Bush,manual_review,85,60,70,INCONSISTENT_NAME: Multiple conflicting values found; INCONSISTENT_SPECIALTY: Multiple conflicting values found; INCONSISTENT_STATE: Multiple conflicting values found; STATE_MISMATCH: Practice state differs from license state,50,50,50,75,100,100,100
Madison Wheeler,manual_review,75,100,70,INCONSISTENT_SPECIALTY: Multiple conflicting values found; INCONSISTENT_STATE: Multiple conflicting values found; INACTIVE_LICENSE: Provider has inactive license; STATE_MISMATCH: Practice state differs from license state,50,50,50,75,100,100,50
Timothy Stout,manual_review,100,75,100,INCONSISTENT_NAME: Multiple conflicting values found; INCONSISTENT_ADDRESS: Multiple conflicting values found; INCONSISTENT_SPECIALTY: Multiple conflicting values found; INCONSISTENT_STATE: Multiple conflicting values found; STATE_MISMATCH: Practice state differs from license state,50,50,50,75,100,100,100
Chelsea Silva,manual_review,100,60,90,INCONSISTENT_NAME: Multiple conflicting values found; INCONSISTENT_SPECIALTY: Multiple conflicting values found; INCONSISTENT_STATE: Multiple conflicting values found; STATE_MISMATCH: Practice state differs from license state,50,50,50,75,100,100,100
Jennifer Wang,manual_review,60,100,70,INCONSISTENT_SPECIALTY: Multiple conflicting values found; INCONSISTENT_STATE: Multiple conflicting values found; INACTIVE_LICENSE: Provider has inactive license; STATE_MISMATCH: Practice state differs from license state,50,50,50,75,100,100,50
Debra Kelly,auto_resolve,100,40,90,INCONSISTENT_NAME: Multiple conflicting values found; INCONSISTENT_SPECIALTY: Multiple conflicting values found; INCONSISTENT_STATE: Multiple conflicting values found; STATE_MISMATCH: Practice state differs from license state,50,50,50,75,100,100,100
Aimee Perez,manual_review,75,95,75,INCONSISTENT_ADDRESS: Multiple conflicting values found; INCONSISTENT_SPECIALTY: Multiple conflicting values found; INCONSISTENT_STATE: Multiple conflicting values found; INACTIVE_LICENSE: Provider has inactive license; STATE_MISMATCH: Practice state differs from license state,50,50,50,75,100,100,50
Kathleen Cantrell,manual_review,75,70,90,INCONSISTENT_SPECIALTY: Multiple conflicting values found; INCONSISTENT_STATE: Multiple conflicting values found; MISSING_NPI: No NPI number found; STATE_MISMATCH: Practice state differs from license state,50,50,50,75,100,0,100
Dominic Davis,manual_review,100,60,85,INCONSISTENT_SPECIALTY: Multiple conflicting values found; INCONSISTENT_STATE: Multiple conflicting values found; STATE_MISMATCH: Practice state differs from license state,50,50,50,75,100,100,100
Tina Elliott,manual_review,75,90,70,INCONSISTENT_ADDRESS: Multiple conflicting values found; INCONSISTENT_SPECIALTY: Multiple conflicting values found; INCONSISTENT_STATE: Multiple conflicting values found; INACTIVE_LICENSE: Provider has inactive license; STATE_MISMATCH: Practice state differs from license state,50,50,50,75,100,100,50
Steven Frederick,manual_review,75,80,70,INCONSISTENT_ADDRESS: Multiple conflicting values found; INCONSISTENT_STATE: Multiple conflicting values found; INACTIVE_LICENSE: Provider has inactive license; STATE_MISMATCH: Practice state differs from license state,50,50,50,75,100,100,50
Thomas Williams,manual_review,100,70,100,INCONSISTENT_PHONE: Multiple conflicting values found; INCONSISTENT_SPECIALTY: Multiple conflicting values found; INCONSISTENT_STATE: Multiple conflicting values found; STATE_MISMATCH: Practice state differs from license state,50,50,50,75,100,100,100
Samuel Cox,manual_review,75,100,70,INCONSISTENT_SPECIALTY: Multiple conflicting values found; INCONSISTENT_STATE: Multiple conflicting values found; INACTIVE_LICENSE: Provider has inactive license; STATE_MISMATCH: Practice state differs from license state,50,50,50,75,100,100,50
Damon Manning,manual_review,100,60,55,INCONSISTENT_NAME: Multiple conflicting values found; INCONSISTENT_SPECIALTY: Multiple conflicting values found; INCONSISTENT_STATE: Multiple conflicting values found; STATE_MISMATCH: Practice state differs from license state,50,50,50,75,100,100,100
Peter Ramirez,manual_review,75,100,55,INCONSISTENT_SPECIALTY: Multiple conflicting values found; INCONSISTENT_STATE: Multiple conflicting values found; INACTIVE_LICENSE: Provider has inactive license; STATE_MISMATCH: Practice state differs from license state,50,50,50,75,100,100,50
Kristen Duke,manual_review,75,100,70,INCONSISTENT_PHONE: Multiple conflicting values found; INCONSISTENT_SPECIALTY: Multiple conflicting values found; INCONSISTENT_STATE: Multiple conflicting values found; INACTIVE_LICENSE: Provider has inactive license; STATE_MISMATCH: Practice state differs from license state,50,50,50,75,100,100,50
Joseph Burgess,manual_review,100,60,80,INCONSISTENT_SPECIALTY: Multiple conflicting values found; INCONSISTENT_STATE: Multiple conflicting values found; STATE_MISMATCH: Practice state differs from license state,50,50,50,75,100,100,100
Rachel Cooper,manual_review,35,100,90,INCONSISTENT_NAME: Multiple conflicting values found; INCONSISTENT_SPECIALTY: Multiple conflicting values found; INCONSISTENT_STATE: Multiple conflicting values found; INACTIVE_LICENSE: Provider has inactive license; MISSING_NPI: No NPI number found; STATE_MISMATCH: Practice state differs from license state,50,50,50,75,100,0,50
Kara Washington,manual_review,100,70,75,INCONSISTENT_PHONE: Multiple conflicting values found; INCONSISTENT_SPECIALTY: Multiple conflicting values found; INCONSISTENT_STATE: Multiple conflicting values found; STATE_MISMATCH: Practice state differs from license state,50,50,50,75,100,100,100
James Shaw,manual_review,75,80,100,INCONSISTENT_NAME: Multiple conflicting values found; INCONSISTENT_SPECIALTY: Multiple conflicting values found; INCONSISTENT_STATE: Multiple conflicting values found; INACTIVE_LICENSE: Provider has inactive license; STATE_MISMATCH: Practice state differs from license state,50,50,50,75,100,100,50
Courtney Dixon,manual_review,100,70,90,INCONSISTENT_PHONE: Multiple conflicting values found; INCONSISTENT_SPECIALTY: Multiple conflicting values found; INCONSISTENT_STATE: Multiple conflicting values found; STATE_MISMATCH: Practice state differs from license state,50,50,50,75,100,100,100
Traci Richards,manual_review,60,100,80,INCONSISTENT_SPECIALTY: Multiple conflicting values found; INCONSISTENT_STATE: Multiple conflicting values found; INACTIVE_LICENSE: Provider has inactive license; STATE_MISMATCH: Practice state differs from license state,50,50,50,75,100,100,50
Kimberly Stokes,manual_review,75,80,100,INCONSISTENT_ADDRESS: Multiple conflicting values found; INCONSISTENT_STATE: Multiple conflicting values found; INACTIVE_LICENSE: Provider has inactive license; STATE_MISMATCH: Practice state differs from license state,50,50,50,75,100,100,50
Michael Webb,manual_review,75,100,90,INCONSISTENT_SPECIALTY: Multiple conflicting values found; INCONSISTENT_STATE: Multiple conflicting values found; INACTIVE_LICENSE: Provider has inactive license; STATE_MISMATCH: Practice state differs from license state,50,50,50,75,100,100,50
Mary Turner,manual_review,60,80,70,INCONSISTENT_SPECIALTY: Multiple conflicting values found; INCONSISTENT_STATE: Multiple conflicting values found; INACTIVE_LICENSE: Provider has inactive license; STATE_MISMATCH: Practice state differs from license state,50,50,50,75,100,100,50
Elizabeth Marquez,manual_review,100,60,50,INCONSISTENT_SPECIALTY: Multiple conflicting values found; INCONSISTENT_STATE: Multiple conflicting values found; STATE_MISMATCH: Practice state differs from license state,50,50,50,75,100,100,100
Barbara Johnson,manual_review,100,60,45,INCONSISTENT_SPECIALTY: Multiple conflicting values found; INCONSISTENT_STATE: Multiple conflicting values found; STATE_MISMATCH: Practice state differs from license state,50,50,50,75,100,100,100
Nathaniel Roberts,manual_review,75,100,55,INCONSISTENT_SPECIALTY: Multiple conflicting values found; INCONSISTENT_STATE: Multiple conflicting values found; INACTIVE_LICENSE: Provider has inactive license; STATE_MISMATCH: Practice state differs from license state,50,50,50,75,100,100,50
Breanna Taylor,manual_review,75,80,70,INCONSISTENT_SPECIALTY: Multiple conflicting values found; INCONSISTENT_STATE: Multiple conflicting values found; INACTIVE_LICENSE: Provider has inactive license; STATE_MISMATCH: Practice state differs from license state,50,50,50,75,100,100,50
Christopher Wilkinson,manual_review,100,75,90,INCONSISTENT_ADDRESS: Multiple conflicting values found; INCONSISTENT_SPECIALTY: Multiple conflicting values found; INCONSISTENT_STATE: Multiple conflicting values found; STATE_MISMATCH: Practice state differs from license state,50,50,50,75,100,100,100
John Hanna,manual_review,100,85,45,INCONSISTENT_PHONE: Multiple conflicting values found; INCONSISTENT_ADDRESS: Multiple conflicting values found; INCONSISTENT_SPECIALTY: Multiple conflicting values found; INCONSISTENT_STATE: Multiple conflicting values found; STATE_MISMATCH: Practice state differs from license state,50,50,50,75,100,100,100
Jennifer Saunders,manual_review,85,60,80,INCONSISTENT_SPECIALTY: Multiple conflicting values found; INCONSISTENT_STATE: Multiple conflicting values found; STATE_MISMATCH: Practice state differs from license state,50,50,50,75,100,100,100
Stacey Macias,manual_review,50,100,100,INCONSISTENT_ADDRESS: Multiple conflicting values found; INCONSISTENT_SPECIALTY: Multiple conflicting values found; INCONSISTENT_STATE: Multiple conflicting values found; INACTIVE_LICENSE: Provider has inactive license; MISSING_NPI: No NPI number found; STATE_MISMATCH: Practice state differs from license state,50,50,50,75,100,0,50
Krista Wood,auto_resolve,100,55,70,INCONSISTENT_ADDRESS: Multiple conflicting values found; INCONSISTENT_SPECIALTY: Multiple conflicting values found; INCONSISTENT_STATE: Multiple conflicting values found; STATE_MISMATCH: Practice state differs from license state,50,50,50,75,100,100,100
Mallory Massey,manual_review,85,60,90,INCONSISTENT_SPECIALTY: Multiple conflicting values found; INCONSISTENT_STATE: Multiple conflicting values found; STATE_MISMATCH: Practice state differs from license state,50,50,50,75,100,100,100
Samantha Brennan,manual_review,75,100,55,INCONSISTENT_SPECIALTY: Multiple conflicting values found; INCONSISTENT_STATE: Multiple conflicting values found; INACTIVE_LICENSE: Provider has inactive license; STATE_MISMATCH: Practice state differs from license state,50,50,50,75,100,100,50
Jesse Booth,manual_review,75,100,70,INCONSISTENT_SPECIALTY: Multiple conflicting values found; INCONSISTENT_STATE: Multiple conflicting values found; INACTIVE_LICENSE: Provider has inactive license; STATE_MISMATCH: Practice state differs from license state,50,50,50,75,100,100,50
Cynthia Campbell,manual_review,75,100,100,INCONSISTENT_NAME: Multiple conflicting values found; INCONSISTENT_SPECIALTY: Multiple conflicting values found; INCONSISTENT_STATE: Multiple conflicting values found; INACTIVE_LICENSE: Provider has inactive license; STATE_MISMATCH: Practice state differs from license state,50,50,50,75,100,100,50
Linda Clark,manual_review,100,70,90,INCONSISTENT_PHONE: Multiple conflicting values found; INCONSISTENT_SPECIALTY: Multiple conflicting values found; INCONSISTENT_STATE: Multiple conflicting values found; STATE_MISMATCH: Practice state differs from license state,50,50,50,75,100,100,100
Barbara Cunningham,manual_review,100,60,100,INCONSISTENT_SPECIALTY: Multiple conflicting values found; INCONSISTENT_STATE: Multiple conflicting values found; STATE_MISMATCH: Practice state differs from license state,50,50,50,75,100,100,100
Alicia Roman,manual_review,75,65,80,INCONSISTENT_PHONE: Multiple conflicting values found; INCONSISTENT_SPECIALTY: Multiple conflicting values found; INCONSISTENT_STATE: Multiple conflicting values found; INACTIVE_LICENSE: Provider has inactive license; STATE_MISMATCH: Practice state differs from license state,50,50,50,75,100,100,50
Sheila Price,manual_review,75,100,80,INCONSISTENT_SPECIALTY: Multiple conflicting values found; INCONSISTENT_STATE: Multiple conflicting values found; INACTIVE_LICENSE: Provider has inactive license; STATE_MISMATCH: Practice state differs from license state,50,50,50,75,100,100,50
Zachary Cruz,manual_review,50,100,100,INCONSISTENT_ADDRESS: Multiple conflicting values found; INCONSISTENT_SPECIALTY: Multiple conflicting values found; INCONSISTENT_STATE: Multiple conflicting values found; INACTIVE_LICENSE: Provider has inactive license; MISSING_NPI: No NPI number found; STATE_MISMATCH: Practice state differs from license state,50,50,50,75,100,0,50
Mr. Carlos Brooks,auto_resolve,100,55,100,INCONSISTENT_NAME: Multiple conflicting values found; INCONSISTENT_ADDRESS: Multiple conflicting values found; INCONSISTENT_SPECIALTY: Multiple conflicting values found; INCONSISTENT_STATE: Multiple conflicting values found; STATE_MISMATCH: Practice state differs from license state,50,50,50,75,100,100,100
Seth Silva,manual_review,100,60,70,INCONSISTENT_SPECIALTY: Multiple conflicting values found; INCONSISTENT_STATE: Multiple conflicting values found; STATE_MISMATCH: Practice state differs from license state,50,50,50,75,100,100,100
Lawrence Wilson,manual_review,85,60,80,INCONSISTENT_NAME: Multiple conflicting values found; INCONSISTENT_SPECIALTY: Multiple conflicting values found; INCONSISTENT_STATE: Multiple conflicting values found; STATE_MISMATCH: Practice state differs from license state,50,50,50,75,100,100,100
Brooke Hall,manual_review,75,100,55,INCONSISTENT_ADDRESS: Multiple conflicting values found; INCONSISTENT_SPECIALTY: Multiple conflicting values found; INCONSISTENT_STATE: Multiple conflicting values found; INACTIVE_LICENSE: Provider has inactive license; STATE_MISMATCH: Practice state differs from license state,50,50,50,75,100,100,50
Juan Mills,manual_review,75,100,100,INCONSISTENT_SPECIALTY: Multiple conflicting values found; INCONSISTENT_STATE: Multiple conflicting values found; INACTIVE_LICENSE: Provider has inactive license; STATE_MISMATCH: Practice state differs from license state,50,50,50,75,100,100,50
Sierra Kemp,manual_review,75,100,65,INCONSISTENT_ADDRESS: Multiple conflicting values found; INCONSISTENT_SPECIALTY: Multiple conflicting values found; INCONSISTENT_STATE: Multiple conflicting values found; INACTIVE_LICENSE: Provider has inactive license; STATE_MISMATCH: Practice state differs from license state,50,50,50,75,100,100,50
Christopher Trujillo,manual_review,75,80,100,INCONSISTENT_SPECIALTY: Multiple conflicting values found; INCONSISTENT_STATE: Multiple conflicting values found; INACTIVE_LICENSE: Provider has inactive license; STATE_MISMATCH: Practice state differs from license state,50,50,50,75,100,100,50
Julie Fernandez,manual_review,85,60,90,INCONSISTENT_SPECIALTY: Multiple conflicting values found; INCONSISTENT_STATE: Multiple conflicting values found; STATE_MISMATCH: Practice state differs from license state,50,50,50,75,100,100,100
Micheal Harrington,manual_review,100,60,85,INCONSISTENT_SPECIALTY: Multiple conflicting values found; INCONSISTENT_STATE: Multiple conflicting values found; STATE_MISMATCH: Practice state differs from license state,50,50,50,75,100,100,100
Luis Henry,manual_review,75,75,70,INCONSISTENT_SPECIALTY: Multiple conflicting values found; INCONSISTENT_STATE: Multiple conflicting values found; INACTIVE_LICENSE: Provider has inactive license; STATE_MISMATCH: Practice state differs from license state,50,50,50,75,100,100,50
Joseph Holmes,manual_review,100,60,55,INCONSISTENT_SPECIALTY: Multiple conflicting values found; INCONSISTENT_STATE: Multiple conflicting values found; STATE_MISMATCH: Practice state differs from license state,50,50,50,75,100,100,100
John Rogers,manual_review,50,100,55,INCONSISTENT_SPECIALTY: Multiple conflicting values found; INCONSISTENT_STATE: Multiple conflicting values found; INACTIVE_LICENSE: Provider has inactive license; MISSING_NPI: No NPI number found; STATE_MISMATCH: Practice state differs from license state,50,50,50,75,100,0,50
Andrew Smith,manual_review,100,75,80,INCONSISTENT_NAME: Multiple conflicting values found; INCONSISTENT_ADDRESS: Multiple conflicting values found; INCONSISTENT_SPECIALTY: Multiple conflicting values found; INCONSISTENT_STATE: Multiple conflicting values found; STATE_MISMATCH: Practice state differs from license state,50,50,50,75,100,100,100
Nathan Mays,manual_review,60,100,75,INCONSISTENT_PHONE: Multiple conflicting values found; INCONSISTENT_SPECIALTY: Multiple conflicting values found; INCONSISTENT_STATE: Multiple conflicting values found; INACTIVE_LICENSE: Provider has inactive license; STATE_MISMATCH: Practice state differs from license state,50,50,50,75,100,100,50
Cindy Schwartz,manual_review,85,75,100,INCONSISTENT_NAME: Multiple conflicting values found; INCONSISTENT_ADDRESS: Multiple conflicting values found; INCONSISTENT_SPECIALTY: Multiple conflicting values found; INCONSISTENT_STATE: Multiple conflicting values found; STATE_MISMATCH: Practice state differs from license state,50,50,50,75,100,100,100
Frederick White,auto_resolve,100,35,70,INCONSISTENT_SPECIALTY: Multiple conflicting values found; INCONSISTENT_STATE: Multiple conflicting values found; STATE_MISMATCH: Practice state differs from license state,50,50,50,75,100,100,100
Joseph Anderson,manual_review,50,100,80,INCONSISTENT_SPECIALTY: Multiple conflicting values found; INCONSISTENT_STATE: Multiple conflicting values found; INACTIVE_LICENSE: Provider has inactive license; MISSING_NPI: No NPI number found; STATE_MISMATCH: Practice state differs from license state,50,50,50,75,100,0,50
Thomas Fox,manual_review,100,60,55,INCONSISTENT_NAME: Multiple conflicting values found; INCONSISTENT_SPECIALTY: Multiple conflicting values found; INCONSISTENT_STATE: Multiple conflicting values found; STATE_MISMATCH: Practice state differs from license state,50,50,50,75,100,100,100
Amy Ellison,manual_review,100,60,90,INCONSISTENT_SPECIALTY: Multiple conflicting values found; INCONSISTENT_STATE: Multiple conflicting values found; STATE_MISMATCH: Practice state differs from license state,50,50,50,75,100,100,100
Amanda Wilson,manual_review,100,70,70,INCONSISTENT_PHONE: Multiple conflicting values found; INCONSISTENT_SPECIALTY: Multiple conflicting values found; INCONSISTENT_STATE: Multiple conflicting values found; STATE_MISMATCH: Practice state differs from license state,50,50,50,75,100,100,100
Joshua Henderson,manual_review,60,100,65,INCONSISTENT_SPECIALTY: Multiple conflicting values found; INCONSISTENT_STATE: Multiple conflicting values found; INACTIVE_LICENSE: Provider has inactive license; STATE_MISMATCH: Practice state differs from license state,50,50,50,75,100,100,50
Chelsea Reilly,manual_review,100,60,90,INCONSISTENT_SPECIALTY: Multiple conflicting values found; INCONSISTENT_STATE: Multiple conflicting values found; STATE_MISMATCH: Practice state differs from license state,50,50,50,75,100,100,100
Kaitlyn Nguyen,manual_review,75,100,90,INCONSISTENT_NAME: Multiple conflicting values found; INCONSISTENT_SPECIALTY: Multiple conflicting values found; INCONSISTENT_STATE: Multiple conflicting values found; INACTIVE_LICENSE: Provider has inactive license; STATE_MISMATCH: Practice state differs from license state,50,50,50,75,100,100,50
Yolanda Jones,auto_resolve,100,40,65,INCONSISTENT_SPECIALTY: Multiple conflicting values found; INCONSISTENT_STATE: Multiple conflicting values found; STATE_MISMATCH: Practice state differs from license state,50,50,50,75,100,100,100
Daniel Carpenter,manual_review,60,100,45,INCONSISTENT_PHONE: Multiple conflicting values found; INCONSISTENT_SPECIALTY: Multiple conflicting values found; INCONSISTENT_STATE: Multiple conflicting values found; INACTIVE_LICENSE: Provider has inactive license; STATE_MISMATCH: Practice state differs from license state,50,50,50,75,100,100,50
Emily Mckinney,manual_review,75,100,70,INCONSISTENT_SPECIALTY: Multiple conflicting values found; INCONSISTENT_STATE: Multiple conflicting values found; INACTIVE_LICENSE: Provider has inactive license; STATE_MISMATCH: Practice state differs from license state,50,50,50,75,100,100,50
Kathleen Warren,manual_review,100,60,70,INCONSISTENT_SPECIALTY: Multiple conflicting values found; INCONSISTENT_STATE: Multiple conflicting values found; STATE_MISMATCH: Practice state differs from license state,50,50,50,75,100,100,100
Christina Jones,manual_review,50,100,70,INCONSISTENT_SPECIALTY: Multiple conflicting values found; INCONSISTENT_STATE: Multiple conflicting values found; INACTIVE_LICENSE: Provider has inactive license; MISSING_NPI: No NPI number found; STATE_MISMATCH: Practice state differs from license state,50,50,50,75,100,0,50
Melanie Marshall,auto_resolve,60,55,45,INCONSISTENT_NAME: Multiple conflicting values found; INCONSISTENT_PHONE: Multiple conflicting values found; INCONSISTENT_SPECIALTY: Multiple conflicting values found; INCONSISTENT_STATE: Multiple conflicting values found; MISSING_NPI: No NPI number found; STATE_MISMATCH: Practice state differs from license state,50,50,50,75,100,0,100
Beth Gentry,manual_review,60,100,70,INCONSISTENT_SPECIALTY: Multiple conflicting values found; INCONSISTENT_STATE: Multiple conflicting values found; INACTIVE_LICENSE: Provider has inactive license; STATE_MISMATCH: Practice state differs from license state,50,50,50,75,100,100,50
Olivia Ferguson,manual_review,100,75,80,INCONSISTENT_ADDRESS: Multiple conflicting values found; INCONSISTENT_SPECIALTY: Multiple conflicting values found; INCONSISTENT_STATE: Multiple conflicting values found; STATE_MISMATCH: Practice state differs from license state,50,50,50,75,100,100,100
Stacy Cook,manual_review,75,100,70,INCONSISTENT_SPECIALTY: Multiple conflicting values found; INCONSISTENT_STATE: Multiple conflicting values found; INACTIVE_LICENSE: Provider has inactive license; STATE_MISMATCH: Practice state differs from license state,50,50,50,75,100,100,50
Jerry Walters,manual_review,75,80,55,INCONSISTENT_NAME: Multiple conflicting values found; INCONSISTENT_SPECIALTY: Multiple conflicting values found; INCONSISTENT_STATE: Multiple conflicting values found; INACTIVE_LICENSE: Provider has inactive license; STATE_MISMATCH: Practice state differs from license state,50,50,50,75,100,100,50
Erik Smith,manual_review,100,60,70,INCONSISTENT_NAME: Multiple conflicting values found; INCONSISTENT_SPECIALTY: Multiple conflicting values found; INCONSISTENT_STATE: Multiple conflicting values found; STATE_MISMATCH: Practice state differs from license state,50,50,50,75,100,100,100
Daniel Dunn,manual_review,75,100,70,INCONSISTENT_ADDRESS: Multiple conflicting values found; INCONSISTENT_SPECIALTY: Multiple conflicting values found; INCONSISTENT_STATE: Multiple conflicting values found; INACTIVE_LICENSE: Provider has inactive license; STATE_MISMATCH: Practice state differs from license state,50,50,50,75,100,100,50
Lisa West,manual_review,85,70,70,INCONSISTENT_PHONE: Multiple conflicting values found; INCONSISTENT_SPECIALTY: Multiple conflicting values found; INCONSISTENT_STATE: Multiple conflicting values found; STATE_MISMATCH: Practice state differs from license state,50,50,50,75,100,100,100
Erica Williams,manual_review,85,60,70,INCONSISTENT_SPECIALTY: Multiple conflicting values found; INCONSISTENT_STATE: Multiple conflicting values found; STATE_MISMATCH: Practice state differs from license state,50,50,50,75,100,100,100
Jennifer Pittman,manual_review,100,60,90,INCONSISTENT_SPECIALTY: Multiple conflicting values found; INCONSISTENT_STATE: Multiple conflicting values found; STATE_MISMATCH: Practice state differs from license state,50,50,50,75,100,100,100
Victor Kirby,manual_review,75,100,70,INCONSISTENT_ADDRESS: Multiple conflicting values found; INCONSISTENT_SPECIALTY: Multiple conflicting values found; INCONSISTENT_STATE: Multiple conflicting values found; INACTIVE_LICENSE: Provider has inactive license; STATE_MISMATCH: Practice state differs from license state,50,50,50,75,100,100,50
Erika Chavez,manual_review,75,75,85,INCONSISTENT_SPECIALTY: Multiple conflicting values found; INACTIVE_LICENSE: Provider has inactive license,50,50,50,75,100,100,50
Shannon Gonzalez,manual_review,75,100,70,INCONSISTENT_SPECIALTY: Multiple conflicting values found; INCONSISTENT_STATE: Multiple conflicting values found; INACTIVE_LICENSE: Provider has inactive license; STATE_MISMATCH: Practice state differs from license state,50,50,50,75,100,100,50
Jeffrey Hale,manual_review,60,100,90,INCONSISTENT_SPECIALTY: Multiple conflicting values found; INCONSISTENT_STATE: Multiple conflicting values found; INACTIVE_LICENSE: Provider has inactive license; STATE_MISMATCH: Practice state differs from license state,50,50,50,75,100,100,50
Kristopher Ballard,manual_review,100,75,65,INCONSISTENT_ADDRESS: Multiple conflicting values found; INCONSISTENT_SPECIALTY: Multiple conflicting values found; INCONSISTENT_STATE: Multiple conflicting values found; STATE_MISMATCH: Practice state differs from license state,50,50,50,75,100,100,100
Karina Velasquez,manual_review,60,100,70,INCONSISTENT_SPECIALTY: Multiple conflicting values found; INCONSISTENT_STATE: Multiple conflicting values found; INACTIVE_LICENSE: Provider has inactive license; STATE_MISMATCH: Practice state differs from license state,50,50,50,75,100,100,50
Steven Valentine,manual_review,85,70,90,INCONSISTENT_NAME: Multiple conflicting values found; INCONSISTENT_PHONE: Multiple conflicting values found; INCONSISTENT_SPECIALTY: Multiple conflicting values found; INCONSISTENT_STATE: Multiple conflicting values found; STATE_MISMATCH: Practice state differs from license state,50,50,50,75,100,100,100
Brittany Cooper,manual_review,100,60,70,INCONSISTENT_SPECIALTY: Multiple conflicting values found; INCONSISTENT_STATE: Multiple conflicting values found; STATE_MISMATCH: Practice state differs from license state,50,50,50,75,100,100,100
Heidi King,manual_review,60,100,70,INCONSISTENT_NAME: Multiple conflicting values found; INCONSISTENT_SPECIALTY: Multiple conflicting values found; INCONSISTENT_STATE: Multiple conflicting values found; INACTIVE_LICENSE: Provider has inactive license; STATE_MISMATCH: Practice state differs from license state,50,50,50,75,100,100,50
Michael Harrison,manual_review,75,100,65,INCONSISTENT_ADDRESS: Multiple conflicting values found; INCONSISTENT_SPECIALTY: Multiple conflicting values found; INCONSISTENT_STATE: Multiple conflicting values found; INACTIVE_LICENSE: Provider has inactive license; STATE_MISMATCH: Practice state differs from license state,50,50,50,75,100,100,50
Linda Blankenship,manual_review,75,100,55,INCONSISTENT_SPECIALTY: Multiple conflicting values found; INCONSISTENT_STATE: Multiple conflicting values found; INACTIVE_LICENSE: Provider has inactive license; STATE_MISMATCH: Practice state differs from license state,50,50,50,75,100,100,50
Charles Murphy,manual_review,75,100,70,INCONSISTENT_NAME: Multiple conflicting values found; INCONSISTENT_SPECIALTY: Multiple conflicting values found; INCONSISTENT_STATE: Multiple conflicting values found; INACTIVE_LICENSE: Provider has inactive license; STATE_MISMATCH: Practice state differs from license state,50,50,50,75,100,100,50
Christian Harrington,auto_resolve,75,45,75,INCONSISTENT_SPECIALTY: Multiple conflicting values found; INCONSISTENT_STATE: Multiple conflicting values found; MISSING_NPI: No NPI number found; STATE_MISMATCH: Practice state differs from license state,50,50,50,75,100,0,100
Elizabeth Foster,manual_review,100,75,90,INCONSISTENT_ADDRESS: Multiple conflicting values found; INCONSISTENT_SPECIALTY: Multiple conflicting values found; INCONSISTENT_STATE: Multiple conflicting values found; STATE_MISMATCH: Practice state differs from license state,50,50,50,75,100,100,100
James Miller,manual_review,75,100,90,INCONSISTENT_SPECIALTY: Multiple conflicting values found; INCONSISTENT_STATE: Multiple conflicting values found; INACTIVE_LICENSE: Provider has inactive license; STATE_MISMATCH: Practice state differs from license state,50,50,50,75,100,100,50
David James,manual_review,75,100,75,INCONSISTENT_PHONE: Multiple conflicting values found; INCONSISTENT_SPECIALTY: Multiple conflicting values found; INCONSISTENT_STATE: Multiple conflicting values found; INACTIVE_LICENSE: Provider has inactive license; STATE_MISMATCH: Practice state differs from license state,50,50,50,75,100,100,50
Brenda Watson,manual_review,75,80,55,INCONSISTENT_SPECIALTY: Multiple conflicting values found; INCONSISTENT_STATE: Multiple conflicting values found; INACTIVE_LICENSE: Provider has inactive license; STATE_MISMATCH: Practice state differs from license state,50,50,50,75,100,100,50
Austin Chaney,manual_review,75,100,90,INCONSISTENT_PHONE: Multiple conflicting values found; INCONSISTENT_SPECIALTY: Multiple conflicting values found; INCONSISTENT_STATE: Multiple conflicting values found; INACTIVE_LICENSE: Provider has inactive license; STATE_MISMATCH: Practice state differs from license state,50,50,50,75,100,100,50
Abigail Espinoza,manual_review,75,100,50,INCONSISTENT_PHONE: Multiple conflicting values found; INCONSISTENT_SPECIALTY: Multiple conflicting values found; INCONSISTENT_STATE: Multiple conflicting values found; INACTIVE_LICENSE: Provider has inactive license; STATE_MISMATCH: Practice state differs from license state,50,50,50,75,100,100,50
Jason Keith,auto_resolve,100,35,65,INCONSISTENT_SPECIALTY: Multiple conflicting values found; INCONSISTENT_STATE: Multiple conflicting values found; STATE_MISMATCH: Practice state differs from license state,50,50,50,75,100,100,100
Terry Thompson,manual_review,75,100,70,INCONSISTENT_SPECIALTY: Multiple conflicting values found; INCONSISTENT_STATE: Multiple conflicting values found; INACTIVE_LICENSE: Provider has inactive license; STATE_MISMATCH: Practice state differs from license state,50,50,50,75,100,100,50
April Ruiz,manual_review,75,100,55,INCONSISTENT_SPECIALTY: Multiple conflicting values found; INCONSISTENT_STATE: Multiple conflicting values found; INACTIVE_LICENSE: Provider has inactive license; STATE_MISMATCH: Practice state differs from license state,50,50,50,75,100,100,50
Travis Jordan,manual_review,75,100,70,INCONSISTENT_NAME: Multiple conflicting values found; INCONSISTENT_SPECIALTY: Multiple conflicting values found; INCONSISTENT_STATE: Multiple conflicting values found; INACTIVE_LICENSE: Provider has inactive license; STATE_MISMATCH: Practice state differs from license state,50,50,50,75,100,100,50
Sherry Green,manual_review,100,70,80,INCONSISTENT_PHONE: Multiple conflicting values found; INCONSISTENT_SPECIALTY: Multiple conflicting values found; INCONSISTENT_STATE: Multiple conflicting values found; STATE_MISMATCH: Practice state differs from license state,50,50,50,75,100,100,100
Derek Vaughn,manual_review,100,65,90,INCONSISTENT_PHONE: Multiple conflicting values found; INCONSISTENT_ADDRESS: Multiple conflicting values found; INCONSISTENT_SPECIALTY: Multiple conflicting values found; INCONSISTENT_STATE: Multiple conflicting values found; STATE_MISMATCH: Practice state differs from license state,50,50,50,75,100,100,100
William Gibson,manual_review,75,100,100,INCONSISTENT_SPECIALTY: Multiple conflicting values found; INCONSISTENT_STATE: Multiple conflicting values found; INACTIVE_LICENSE: Provider has inactive license; STATE_MISMATCH: Practice state differs from license state,50,50,50,75,100,100,50
Kimberly Bennett,manual_review,75,100,90,INCONSISTENT_SPECIALTY: Multiple conflicting values found; INCONSISTENT_STATE: Multiple conflicting values found; INACTIVE_LICENSE: Provider has inactive license; STATE_MISMATCH: Practice state differs from license state,50,50,50,75,100,100,50
Mercedes Ware,manual_review,75,80,70,INCONSISTENT_SPECIALTY: Multiple conflicting values found; INCONSISTENT_STATE: Multiple conflicting values found; INACTIVE_LICENSE: Provider has inactive license; STATE_MISMATCH: Practice state differs from license state,50,50,50,75,100,100,50
Justin Dennis,manual_review,100,60,100,INCONSISTENT_SPECIALTY: Multiple conflicting values found; INCONSISTENT_STATE: Multiple conflicting values found; STATE_MISMATCH: Practice state differs from license state,50,50,50,75,100,100,100
Angela Holland,manual_review,75,65,70,INCONSISTENT_NAME: Multiple conflicting values found; INCONSISTENT_SPECIALTY: Multiple conflicting values found; INCONSISTENT_STATE: Multiple conflicting values found; MISSING_NPI: No NPI number found; STATE_MISMATCH: Practice state differs from license state,50,50,50,75,100,0,100
