provider_id,name,name_conf,name_tag,address,address_conf,address_tag,phone,phone_conf,phone_tag,specialty,specialty_conf,specialty_tag,npi,npi_conf,npi_tag,provider_confidence,address_state,address_zip,address_city,phone_formatted,npi_valid,npi_checksum_passed,specialty_group,years_experience,inferred_degree,mci_registration_number,state_council_registration,registration_year,license_status,renewal_due_date,last_verified_date,career_stage,geo_region,timezone,enrichment_score,primary_specialty,inferred_medical_school,graduation_year,expiration_date,state
PRV_001,Jamie Murphy,1.0,confirmed,"11017 SALAZAR MOTORWAY APT. 900 JENNIFERTON, MI 35873",0.85,updated,034-643-2329x259,0.7050000000000001,updated,pediatrics,1.0,confirmed,12558053266,0.95,confirmed,0.901,MI,11017,11017 SALAZAR MOTORWAY APT. 900 JENNIFERTON,,False,False,Primary Care,19,MBBS,MCI-72635,TNMC-61662,2003,Active,2028-12-31,2025-09-04,Senior,Midwest,Central,65,,Stanford University School of Medicine,2006,08-31-2025,MI
PRV_002,Joseph Lang,1.0,confirmed,"671 MARK COMMON KIMFORT, OK 66368",0.9,confirmed,(939)162-8128,0.605,suspect,dermatology,1.0,confirmed,16622968267,0.95,confirmed,0.891,OK,66368,671 MARK COMMON KIMFORT,+19391628128,False,False,Specialized,18,MBBS,MCI-20105,TNMC-53648,2007,Active,2027-12-31,2024-06-01,Senior,South,Central,75,,University of Washington School of Medicine,2007,03-13-2027,OK
PRV_003,Austin Berg,1.0,confirmed,"084 Rivera Roads East Brandyburgh, PA 02308",0.76,updated,219.435.4998,0.615,suspect,orthopedics,1.0,confirmed,14011476234,0.95,confirmed,0.865,PA,02308,084 Rivera Roads East Brandyburgh,+12194354998,False,False,Surgical,32,MBBS,MCI-79566,TNMC-11237,1991,Active,2026-12-31,2025-03-23,Senior,Northeast,Eastern,75,,Harvard Medical School,1993,05-02-2028,PA
PRV_004,Thomas Horn,1.0,confirmed,"824 BECKER CLUB SOUTH CHARLES, WA 84741",0.91,confirmed,845-696-4802x5949,0.655,suspect,pediatrics,1.0,confirmed,18767821330,0.95,confirmed,0.903,WA,84741,824 BECKER CLUB SOUTH CHARLES,,False,False,Primary Care,25,MBBS,MCI-68984,TNMC-55850,1999,Active,2029-12-31,2025-09-20,Senior,West,Pacific,65,,Stanford University School of Medicine,2000,09-03-2025,WA
PRV_005,Robert Jenkins,1.0,confirmed,"53753 ADAM RIDGES STEVENVIEW, WI 92052",0.95,confirmed,(712)719-5006,0.675,suspect,pediatrics,1.0,confirmed,14038976299,0.95,confirmed,0.915,WI,53753,53753 ADAM RIDGES STEVENVIEW,+17127195006,False,False,Primary Care,27,MBBS,MCI-44497,TNMC-54761,1996,Active,2026-12-31,2024-09-15,Senior,Midwest,Central,75,,Stanford University School of Medicine,1998,07-06-2027,WI
PRV_006,Paul Dixon,1.0,confirmed,"610 BLAIR BRIDGE WEST ERIN, IA 47995",0.98,confirmed,001-049-085-5029,0.645,suspect,emergency,1.0,confirmed,11810981396,0.95,confirmed,0.915,IA,47995,610 BLAIR BRIDGE WEST ERIN,,False,False,Specialized,25,MBBS,MCI-45377,TNMC-76952,1998,Active,2028-12-31,2024-01-18,Senior,Midwest,Central,65,,Harvard Medical School,2000,01-16-2028,IA
PRV_007,Crystal Bush,1.0,confirmed,"711 WILLIAMS PARKWAYS APT. 448 BAUERBURY, KS 85431",0.84,updated,032.140.7584x4408,0.6699999999999999,suspect,oncology,1.0,confirmed,18564597698,0.95,confirmed,0.892,KS,85431,711 WILLIAMS PARKWAYS APT. 448 BAUERBURY,,False,False,Specialized,26,MBBS,MCI-15390,TNMC-43186,1997,Inactive,2027-12-31,2024-06-14,Senior,Midwest,Central,65,,Stanford University School of Medicine,1999,02-05-2027,KS
PRV_008,Eugene Mckinney,1.0,confirmed,"85038 PACHECO PORT SUITE 035 LAKE TAMMYLAND, NH 12478",0.9,confirmed,001-163-134-5376x6528,0.7050000000000001,updated,pediatrics,1.0,confirmed,18653735648,0.3,suspect,0.781,NH,85038,85038 PACHECO PORT SUITE 035 LAKE TAMMYLAND,,False,False,Primary Care,13,MBBS,MCI-34920,TNMC-15193,2009,Active,2029-12-31,2025-08-21,Mid,Northeast,Eastern,65,,University of Washington School of Medicine,2012,02-02-2028,NH
PRV_009,Christopher Taylor,1.0,confirmed,USNS WHITE FPO AP 52782,0.93,confirmed,+14144707412,0.86,updated,dermatology,1.0,confirmed,15898589114,0.95,confirmed,0.948,,52782,,+14144707412,False,False,Specialized,35,MBBS,MCI-86797,TNMC-12345,1987,Active,2027-12-31,2025-04-25,Senior,Unknown,Unknown,52,,Unknown,1990,07-28-2028,Unknown
PRV_010,Scott Kelly,1.0,confirmed,"25769 LAMB DIVIDE VICTORIAVILLE, VA 87545",0.99,confirmed,889.248.1011x3273,0.7050000000000001,updated,dermatology,1.0,confirmed,14454722343,0.95,confirmed,0.929,VA,25769,25769 LAMB DIVIDE VICTORIAVILLE,,False,False,Specialized,17,MBBS,MCI-87468,TNMC-83587,2008,Active,2028-12-31,2025-04-27,Senior,South,Eastern,65,,Stanford University School of Medicine,2008,03-03-2026,VA
PRV_011,Justin Miller,1.0,confirmed,"76320 FARMER PARKWAYS SUITE 456 REEDFORT, DE 38402",0.97,confirmed,(171)629-3039x20621,0.7150000000000001,updated,pediatrics,1.0,confirmed,18491894007,0.95,confirmed,0.927,DE,76320,76320 FARMER PARKWAYS SUITE 456 REEDFORT,,False,False,Primary Care,10,MBBS,MCI-92956,TNMC-25610,2014,Suspended,2029-12-31,2024-11-01,Mid,South,Eastern,65,,Stanford University School of Medicine,2015,01-11-2028,DE
PRV_012,David Parks,1.0,confirmed,"748 CONRAD OVAL MCKENZIEFORT, AL 10974",0.97,confirmed,518-904-0099x215,0.675,suspect,neurology,1.0,confirmed,12105693135,0.95,confirmed,0.919,AL,10974,748 CONRAD OVAL MCKENZIEFORT,,False,False,Surgical,21,MBBS,MCI-37008,TNMC-42730,2001,Active,2026-12-31,2024-05-31,Senior,South,Eastern,65,,Stanford University School of Medicine,2004,01-17-2025,AL
PRV_013,Margaret Valdez,1.0,confirmed,"006 JORDAN CANYON GEORGEFURT, HI 93098",0.96,confirmed,+14435620376,0.885,updated,oncology,1.0,confirmed,14186475051,0.95,confirmed,0.959,HI,93098,006 JORDAN CANYON GEORGEFURT,+14435620376,False,False,Specialized,24,MBBS,MCI-47819,TNMC-66406,1998,Active,2028-12-31,2025-07-12,Senior,West,Pacific,75,,Stanford University School of Medicine,2001,07-14-2027,HI
PRV_014,Julie Lewis,1.0,confirmed,"12218 JULIA MILL SUITE 032 WEST ROBERTFORT, AK 81316",0.92,confirmed,(392)131-9312x85236,0.655,suspect,neurology,1.0,confirmed,13960370654,0.95,confirmed,0.905,AK,12218,12218 JULIA MILL SUITE 032 WEST ROBERTFORT,,False,False,Surgical,30,MBBS,MCI-29789,TNMC-31085,1993,Active,2028-12-31,2024-03-28,Senior,West,Pacific,65,,Stanford University School of Medicine,1995,03-05-2028,AK
PRV_015,Joseph Young,1.0,confirmed,"137 JAMIE LOCKS GONZALEZTOWN, AL 28562",0.86,updated,(046)212-3262x191,0.6799999999999999,suspect,orthopedics,1.0,confirmed,12902675926,0.95,confirmed,0.898,AL,28562,137 JAMIE LOCKS GONZALEZTOWN,,False,False,Surgical,23,MBBS,MCI-87543,TNMC-45463,1999,Active,2029-12-31,2025-06-27,Senior,South,Eastern,65,,Duke University School of Medicine,2002,11-17-2028,AL
PRV_016,Dylan Baker,1.0,confirmed,"668 MURPHY TRAIL APT. 190 DONNABOROUGH, DC 91636",0.94,confirmed,2945565063,0.63,suspect,emergency,1.0,confirmed,16214979822,0.95,confirmed,0.904,DC,91636,668 MURPHY TRAIL APT. 190 DONNABOROUGH,+12945565063,False,False,Specialized,33,MBBS,MCI-14735,TNMC-53532,1992,Active,2027-12-31,2024-09-05,Senior,Unknown,Unknown,65,,Stanford University School of Medicine,1992,02-12-2026,Unknown
PRV_017,Jessica Moyer,1.0,confirmed,"738 Cardenas Valley Lake Julie, VA 13619",0.79,updated,+11554928139,0.8500000000000001,updated,dermatology,1.0,confirmed,18801505716,0.95,confirmed,0.918,VA,13619,738 Cardenas Valley Lake Julie,+11554928139,False,False,Specialized,26,MBBS,MCI-75595,TNMC-57097,1996,Active,2026-12-31,2024-07-31,Senior,South,Eastern,75,,Stanford University School of Medicine,1999,07-15-2027,VA
PRV_018,Emma Johns,1.0,confirmed,"82812 CANNON STREET NORTH CASSANDRA, PA 03048",0.91,confirmed,(807)853-8612x46964,0.685,suspect,oncology,1.0,confirmed,12062007827,0.95,confirmed,0.909,PA,82812,82812 CANNON STREET NORTH CASSANDRA,,False,False,Specialized,35,MBBS,MCI-31861,TNMC-27765,1989,Active,2029-12-31,2024-01-26,Senior,Northeast,Eastern,65,,Stanford University School of Medicine,1990,03-25-2028,PA
PRV_019,Haley Reyes,1.0,confirmed,USS DUNN FPO AE 28461,0.86,updated,736.974.5870x4536,0.72,updated,neurology,1.0,confirmed,11374843730,0.95,confirmed,0.906,,28461,,,False,False,Surgical,11,MBBS,MCI-71340,TNMC-12345,2012,Active,2027-12-31,2025-03-10,Mid,Unknown,Unknown,42,,Unknown,2014,01-23-2028,Unknown
PRV_020,Robert Thomas,1.0,confirmed,"761 JAMES FORKS NEW STEVEN, MO 64741",0.93,confirmed,001-593-047-8414x022,0.72,updated,pediatrics,1.0,confirmed,15821429778,0.95,confirmed,0.92,MO,64741,761 JAMES FORKS NEW STEVEN,,False,False,Primary Care,27,MBBS,MCI-67855,TNMC-46489,1998,Active,2028-12-31,2025-07-22,Senior,Midwest,Central,65,,Stanford University School of Medicine,1998,02-15-2028,MO
PRV_021,Brian Campos,1.0,confirmed,"3125 Angel Summit Suite 021 South Annette, RI 11312",0.79,updated,+11850045196,0.87,updated,neurology,1.0,confirmed,14347595233,0.95,confirmed,0.922,RI,11312,3125 Angel Summit Suite 021 South Annette,+11850045196,False,False,Surgical,14,MBBS,MCI-72526,TNMC-95007,2009,Active,2029-12-31,2025-10-18,Mid,Northeast,Eastern,75,,Columbia University College of Physicians and Surgeons,2011,12-21-2027,RI
PRV_022,Christian Smith,1.0,confirmed,"56767 HUTCHINSON PLAIN GARCIASIDE, MO 35516",0.9,confirmed,179.439.6939x558,0.685,suspect,neurology,1.0,confirmed,16323847932,0.95,confirmed,0.907,MO,56767,56767 HUTCHINSON PLAIN GARCIASIDE,,False,False,Surgical,15,MBBS,MCI-84708,TNMC-99953,2010,Active,2030-12-31,2024-03-07,Senior,Midwest,Central,65,,Duke University School of Medicine,2010,11-08-2027,MO
PRV_023,Sandra Brown,1.0,confirmed,"PSC 6274, BOX 7924 APO AP 99402",0.99,confirmed,981.339.1151x9553,0.6950000000000001,suspect,dermatology,1.0,confirmed,16011975664,0.95,confirmed,0.927,,99402,PSC 6274,,False,False,Specialized,11,MBBS,MCI-81582,TNMC-12345,2012,Active,2027-12-31,2025-04-12,Mid,Unknown,Unknown,48,,University of Florida College of Medicine,2014,10-16-2027,Unknown
PRV_024,Andrew Carter,1.0,confirmed,"7978 DANA RIDGES SUITE 781 NEW GREGORY, OR 85170",0.86,updated,+19543368046,0.915,confirmed,dermatology,1.0,confirmed,12195837140,0.95,confirmed,0.945,OR,85170,7978 DANA RIDGES SUITE 781 NEW GREGORY,+19543368046,False,False,Specialized,28,MBBS,MCI-99802,OMMC-97970,1997,Active,2027-12-31,2024-07-20,Senior,West,Pacific,75,,Stanford University School of Medicine,1997,03-05-2026,OR
PRV_025,Jesse Torres,1.0,confirmed,"65213 SARAH COURTS APT. 743 JAMESTON, KY 72306",1.0,confirmed,+14699722214,0.92,confirmed,pediatrics,1.0,confirmed,17648181261,0.95,confirmed,0.974,KY,65213,65213 SARAH COURTS APT. 743 JAMESTON,+14699722214,False,False,Primary Care,30,MBBS,MCI-37480,TNMC-92908,1992,Active,2027-12-31,2025-04-16,Senior,South,Eastern,75,,Unknown,1995,11-19-2027,KY
PRV_026,Joseph Weber MD,1.0,confirmed,"3438 Jason Branch Suite 466 Debrashire, CT 19732",0.77,updated,001-441-901-7303,0.72,updated,oncology,1.0,confirmed,19985738684,0.95,confirmed,0.8879999999999999,CT,19732,3438 Jason Branch Suite 466 Debrashire,,False,False,Specialized,11,MD,MCI-93277,TNMC-98895,2011,Active,2026-12-31,2024-12-09,Mid,Northeast,Eastern,65,,Yale School of Medicine,2014,01-11-2028,CT
PRV_027,Brianna Watson,1.0,confirmed,"6210 RANDY PINE SUITE 954 BRIGGSTOWN, AK 20445",0.94,confirmed,209.599.0676x8802,0.64,suspect,orthopedics,1.0,confirmed,18888166857,0.95,confirmed,0.906,AK,20445,6210 RANDY PINE SUITE 954 BRIGGSTOWN,,False,False,Surgical,18,MBBS,MCI-97124,TNMC-15609,2007,Active,2027-12-31,2025-01-10,Senior,West,Pacific,65,,University of Pennsylvania Perelman School of Medicine,2007,03-19-2027,AK
PRV_028,Michael Morgan,1.0,confirmed,"19057 Todd Falls Apt. 693 Ellenmouth, NJ 54427",0.79,updated,661.805.8877,0.7,updated,emergency,1.0,confirmed,16148542345,0.95,confirmed,0.8879999999999999,NJ,19057,19057 Todd Falls Apt. 693 Ellenmouth,+16618058877,False,False,Specialized,34,MBBS,MCI-84147,TNMC-71388,1990,Suspended,2030-12-31,2025-06-01,Senior,Northeast,Eastern,75,,Harvard Medical School,1991,01-09-2026,NJ
PRV_029,Michelle Smith,1.0,confirmed,USNS HERNANDEZ FPO AP 17755,0.89,updated,275-492-7630,0.6699999999999999,suspect,neurology,1.0,confirmed,18770946406,0.95,confirmed,0.902,,17755,,+12754927630,False,False,Surgical,24,MBBS,MCI-43089,TNMC-12345,2001,Active,2026-12-31,2025-05-15,Senior,Unknown,Unknown,52,,Unknown,2001,01-30-2027,Unknown
PRV_030,Rachel Long,1.0,confirmed,"8269 Rojas Inlet Apt. 339 New Jackborough, NV 97114",0.75,updated,829.509.2253x1859,0.655,suspect,dermatology,1.0,confirmed,15679138425,0.95,confirmed,0.8710000000000001,NV,97114,8269 Rojas Inlet Apt. 339 New Jackborough,,False,False,Specialized,11,MBBS,MCI-57720,TNMC-47922,2014,Inactive,2029-12-31,2023-12-23,Mid,West,Mountain,65,,"University of California, Los Angeles David Geffen School of Medicine",2014,02-04-2026,NV
PRV_031,Michael Contreras,1.0,confirmed,"8837 JEFFERSON FORGE PORT KAITLYNTON, NV 45574",0.85,updated,(165)644-8123x93877,0.65,suspect,oncology,1.0,confirmed,16557495692,0.3,suspect,0.76,NV,45574,8837 JEFFERSON FORGE PORT KAITLYNTON,,False,False,Specialized,23,MBBS,MCI-32448,TNMC-89005,1999,Active,2029-12-31,2025-03-18,Senior,West,Mountain,65,,Stanford University School of Medicine,2002,10-11-2027,NV
PRV_032,Tyrone Boyd,1.0,confirmed,Unit 7956 Box 7563 DPO AE 93164,0.79,updated,+10848253010,0.92,confirmed,pediatrics,1.0,confirmed,14907082272,0.3,suspect,0.8019999999999999,,93164,,+10848253010,False,False,Primary Care,15,MBBS,MCI-44378,TNMC-12345,2008,Active,2028-12-31,2025-08-05,Senior,Unknown,Unknown,52,,Unknown,2010,07-25-2025,Unknown
PRV_033,Ashley Murphy,1.0,confirmed,"1891 Vincent Flats Lydialand, AR 94277",0.77,updated,040-359-0191x56049,0.72,updated,dermatology,1.0,confirmed,12379758771,0.95,confirmed,0.8879999999999999,AR,94277,1891 Vincent Flats Lydialand,,False,False,Specialized,23,MBBS,MCI-50588,TNMC-34838,2002,Active,2027-12-31,2025-06-19,Senior,South,Central,65,,Duke University School of Medicine,2002,04-16-2025,AR
PRV_034,Madison Duffy,1.0,confirmed,"3739 ELLIOTT VIADUCT APT. 334 SOUTH CASSANDRAPORT, ID 17529",0.83,updated,(105)603-4240x160,0.615,suspect,oncology,1.0,confirmed,16987655765,0.95,confirmed,0.8789999999999999,ID,17529,3739 ELLIOTT VIADUCT APT. 334 SOUTH CASSANDRAPORT,,False,False,Specialized,27,MBBS,MCI-64577,TNMC-88286,1997,Active,2027-12-31,2025-06-18,Senior,West,Mountain,65,,Stanford University School of Medicine,1998,10-23-2028,ID
PRV_035,Diana Smith,1.0,confirmed,"5119 JOHN ISLE SUITE 136 RICHARDSONTON, AR 88109",0.9,confirmed,(237)100-5934x69366,0.69,suspect,pediatrics,1.0,confirmed,14359430144,0.95,confirmed,0.908,AR,88109,5119 JOHN ISLE SUITE 136 RICHARDSONTON,,False,False,Primary Care,19,MBBS,MCI-79153,TNMC-40840,2003,Active,2028-12-31,2024-03-09,Senior,South,Central,65,,Johns Hopkins University School of Medicine,2006,02-03-2026,AR
PRV_036,Robert Gonzales,1.0,confirmed,"8986 MALLORY CAPE JOHNSONMOUTH, MN 84259",0.95,confirmed,+19332789011,0.835,updated,dermatology,1.0,confirmed,12385333122,0.95,confirmed,0.9469999999999998,MN,84259,8986 MALLORY CAPE JOHNSONMOUTH,+19332789011,False,False,Specialized,17,MBBS,MCI-63484,TNMC-66839,2006,Active,2026-12-31,2025-02-17,Senior,Midwest,Central,75,,University of Colorado School of Medicine,2008,02-17-2026,MN
PRV_037,Gabriel Riley,1.0,confirmed,"100 Darrell Greens Sarahmouth, ME 44055",0.79,updated,361.282.1175,0.65,suspect,cardiology,1.0,confirmed,17349185126,0.95,confirmed,0.8779999999999999,ME,44055,100 Darrell Greens Sarahmouth,+13612821175,False,False,Surgical,16,MBBS,MCI-53529,TNMC-31039,2009,Active,2029-12-31,2025-09-21,Senior,Northeast,Eastern,75,,Unknown,2009,09-21-2027,ME
PRV_038,Amber Allen,1.0,confirmed,"8035 DEANNA STREET SUITE 040 PORT COREYBOROUGH, DE 37531",0.99,confirmed,1938149086,0.71,updated,pediatrics,1.0,confirmed,12744949518,0.95,confirmed,0.93,DE,37531,8035 DEANNA STREET SUITE 040 PORT COREYBOROUGH,+11938149086,False,False,Primary Care,19,MBBS,MCI-73774,TNMC-34778,2003,Active,2028-12-31,2024-07-09,Senior,South,Eastern,75,,"University of California, Los Angeles David Geffen School of Medicine",2006,01-11-2028,DE
PRV_039,Donald Mercado,1.0,confirmed,"38485 GINA POINTS NICOLEVIEW, AK 64927",0.91,confirmed,(529)069-5817,0.6599999999999999,suspect,orthopedics,1.0,confirmed,17949367308,0.95,confirmed,0.904,AK,38485,38485 GINA POINTS NICOLEVIEW,+15290695817,False,False,Surgical,22,MBBS,MCI-25068,TNMC-31915,2000,Active,2030-12-31,2025-10-03,Senior,West,Pacific,75,,Northwestern University Feinberg School of Medicine,2003,07-12-2027,AK
PRV_040,Roy Munoz,1.0,confirmed,"256 JOHNSON STREET SUITE 049 NORTH JUSTINHAVEN, RI 13331",0.87,updated,398.788.8912x39087,0.685,suspect,oncology,1.0,confirmed,19261967342,0.95,confirmed,0.901,RI,13331,256 JOHNSON STREET SUITE 049 NORTH JUSTINHAVEN,,False,False,Specialized,14,MBBS,MCI-43455,TNMC-11729,2010,Active,2030-12-31,2024-04-20,Mid,Northeast,Eastern,65,,"University of California, Los Angeles David Geffen School of Medicine",2011,01-20-2026,RI
PRV_041,Robert Barnett,1.0,confirmed,"86750 JERMAINE LODGE APT. 854 NORTH WANDA, MN 73432",0.95,confirmed,001-593-222-4882x8044,0.62,suspect,dermatology,1.0,confirmed,16233410939,0.95,confirmed,0.904,MN,86750,86750 JERMAINE LODGE APT. 854 NORTH WANDA,,False,False,Specialized,18,MBBS,MCI-36812,TNMC-64420,2005,Active,2030-12-31,2025-11-08,Senior,Midwest,Central,65,,University of Washington School of Medicine,2007,03-30-2027,MN
PRV_042,Cheryl Brooks,1.0,confirmed,"7190 Mccormick Walk Suite 928 Chasehaven, CO 51977",0.79,updated,001-291-774-9824x0853,0.635,suspect,emergency,1.0,confirmed,14713072276,0.95,confirmed,0.875,CO,51977,7190 Mccormick Walk Suite 928 Chasehaven,,False,False,Specialized,11,MBBS,MCI-18918,TNMC-43156,2011,Active,2026-12-31,2025-01-18,Mid,West,Mountain,65,,"University of California, Los Angeles David Geffen School of Medicine",2014,12-19-2026,CO
PRV_043,Kristen Mitchell,1.0,confirmed,"985 Joseph Trace Apt. 453 Port Shawnhaven, MS 99220",0.76,updated,001-396-899-9873x338,0.7,updated,orthopedics,1.0,confirmed,19118470651,0.95,confirmed,0.882,MS,99220,985 Joseph Trace Apt. 453 Port Shawnhaven,,False,False,Surgical,33,MBBS,MCI-60978,TNMC-96404,1990,Active,2030-12-31,2023-12-24,Senior,South,Eastern,65,,Stanford University School of Medicine,1992,01-28-2027,MS
PRV_044,Ariana Edwards,1.0,confirmed,UNIT 7585 BOX 7384 DPO AE 77915,0.98,confirmed,(230)906-9403,0.675,suspect,neurology,1.0,confirmed,15225695142,0.3,suspect,0.791,,77915,,+12309069403,False,False,Surgical,25,MBBS,MCI-58945,TNMC-12345,2000,Active,2030-12-31,2025-09-25,Senior,Unknown,Unknown,52,,Unknown,2000,01-13-2027,Unknown
PRV_045,Jonathan Mills,1.0,confirmed,"371 CYNTHIA RIVER PORT JOSEPH, MA 54422",0.85,updated,483.823.0564x0223,0.6599999999999999,suspect,dermatology,1.0,confirmed,18295448768,0.95,confirmed,0.892,MA,54422,371 CYNTHIA RIVER PORT JOSEPH,,False,False,Specialized,16,MBBS,MCI-75737,TNMC-14855,2006,Active,2026-12-31,2025-04-14,Senior,Northeast,Eastern,65,,"University of California, Los Angeles David Geffen School of Medicine",2009,02-28-2027,MA
PRV_046,Renee Berger,1.0,confirmed,"925 JOHN ISLANDS KAYLASHIRE, MD 44213",0.92,confirmed,+11781076409,0.81,updated,emergency,1.0,confirmed,14947145824,0.95,confirmed,0.936,MD,44213,925 JOHN ISLANDS KAYLASHIRE,+11781076409,False,False,Specialized,35,MBBS,MCI-35313,TNMC-71566,1988,Active,2028-12-31,2025-07-20,Senior,South,Eastern,75,,Northwestern University Feinberg School of Medicine,1990,09-05-2025,MD
PRV_047,Michelle Park,1.0,confirmed,"918 RODRIGUEZ CAPE NORTH ANDREW, NH 12232",0.95,confirmed,+10050011407,0.8400000000000001,updated,oncology,1.0,confirmed,15222612702,0.95,confirmed,0.948,NH,12232,918 RODRIGUEZ CAPE NORTH ANDREW,+10050011407,False,False,Specialized,25,MBBS,MCI-75200,TNMC-84208,1997,Active,2027-12-31,2024-05-24,Senior,Northeast,Eastern,75,,Stanford University School of Medicine,2000,11-03-2028,NH
PRV_048,Molly Gould,1.0,confirmed,"9875 PENA SHORE PORT WILLIAMCHESTER, DC 66684",0.84,updated,+17201601604,0.8500000000000001,updated,orthopedics,1.0,confirmed,16232138195,0.95,confirmed,0.928,DC,66684,9875 PENA SHORE PORT WILLIAMCHESTER,+17201601604,False,False,Surgical,25,MBBS,MCI-56369,TNMC-66035,1998,Active,2028-12-31,2025-03-17,Senior,Unknown,Unknown,65,,Stanford University School of Medicine,2000,10-26-2027,Unknown
PRV_049,Connor Taylor,1.0,confirmed,"811 Waters Squares Port Carlside, RI 11509",0.79,updated,001-790-208-0489,0.655,suspect,oncology,1.0,confirmed,11929708482,0.3,suspect,0.749,RI,11509,811 Waters Squares Port Carlside,,False,False,Specialized,30,MBBS,MCI-65962,TNMC-95447,1993,Active,2028-12-31,2025-06-04,Senior,Northeast,Eastern,65,,Stanford University School of Medicine,1995,05-19-2028,RI
PRV_050,Maria Harvey,1.0,confirmed,"802 LOPEZ TRACK APT. 448 KRYSTALBURGH, MO 99052",0.82,updated,967-061-3732x2627,0.63,suspect,neurology,1.0,confirmed,13693996865,0.95,confirmed,0.8800000000000001,MO,99052,802 LOPEZ TRACK APT. 448 KRYSTALBURGH,,False,False,Surgical,31,MBBS,MCI-59139,TNMC-31273,1993,Active,2028-12-31,2025-08-08,Senior,Midwest,Central,65,,Duke University School of Medicine,1994,04-17-2025,MO
PRV_051,Dana Allen,1.0,confirmed,"957 Allen Squares Lake Colleen, NE 09804",0.79,updated,+13697724597,0.885,updated,dermatology,1.0,confirmed,16425669004,0.95,confirmed,0.925,NE,09804,957 Allen Squares Lake Colleen,+13697724597,False,False,Specialized,33,MBBS,MCI-63254,TNMC-37755,1989,Active,2029-12-31,2025-10-20,Senior,Midwest,Central,75,,Duke University School of Medicine,1992,10-19-2028,NE
PRV_052,Sara Santos,1.0,confirmed,"27729 Cortez Cliffs Lake Miranda, DE 43454",0.75,updated,(146)401-5940x0289,0.69,suspect,oncology,1.0,confirmed,11964116029,0.95,confirmed,0.8779999999999999,DE,27729,27729 Cortez Cliffs Lake Miranda,,False,False,Specialized,34,MBBS,MCI-22164,TNMC-71284,1990,Active,2030-12-31,2025-03-09,Senior,South,Eastern,65,,Stanford University School of Medicine,1991,06-15-2027,DE
PRV_053,Jennifer Rivera,1.0,confirmed,"9065 Briggs Canyon Suite 848 West Michellefort, OK 72470",0.77,updated,645-096-4275,0.62,suspect,emergency,1.0,confirmed,19183983961,0.3,suspect,0.738,OK,72470,9065 Briggs Canyon Suite 848 West Michellefort,+16450964275,False,False,Specialized,29,MBBS,MCI-76754,TNMC-36161,1993,Active,2028-12-31,2025-11-30,Senior,South,Central,75,,Stanford University School of Medicine,1996,09-17-2028,OK
PRV_054,Tara Warner,1.0,confirmed,"87439 RUIZ SQUARES SUITE 617 WEST STEVENSIDE, OH 67938",0.91,confirmed,0455067923,0.625,suspect,orthopedics,1.0,confirmed,13529591597,0.95,confirmed,0.897,OH,87439,87439 RUIZ SQUARES SUITE 617 WEST STEVENSIDE,+10455067923,False,False,Surgical,31,MBBS,MCI-46820,TNMC-22068,1993,Active,2028-12-31,2024-12-24,Senior,Midwest,Central,75,,Northwestern University Feinberg School of Medicine,1994,06-15-2025,OH
PRV_055,Michelle Jackson,1.0,confirmed,"24225 HARRISON MOUNTAINS PEREZMOUTH, AK 40973",0.88,updated,691.024.8907x821,0.645,suspect,pediatrics,1.0,confirmed,14551995657,0.95,confirmed,0.8949999999999999,AK,24225,24225 HARRISON MOUNTAINS PEREZMOUTH,,False,False,Primary Care,25,MBBS,MCI-66059,TNMC-55200,2000,Active,2030-12-31,2025-06-02,Senior,West,Pacific,65,,Harvard Medical School,2000,01-14-2026,AK
PRV_056,Brandi Martin,1.0,confirmed,"3222 Andrew Springs Meganville, NJ 54527",0.79,updated,+11315243633,0.81,updated,neurology,1.0,confirmed,18852676502,0.95,confirmed,0.91,NJ,54527,3222 Andrew Springs Meganville,+11315243633,False,False,Surgical,31,MBBS,MCI-21152,TNMC-17394,1993,Active,2028-12-31,2025-05-01,Senior,Northeast,Eastern,75,,Stanford University School of Medicine,1994,04-22-2027,NJ
PRV_057,Dr. Joan Rivera,1.0,confirmed,"6393 THOMAS HARBOR VICTORIAFURT, HI 59643",0.87,updated,001-344-482-3359x5683,0.675,suspect,emergency,1.0,confirmed,16609732041,0.95,confirmed,0.899,HI,59643,6393 THOMAS HARBOR VICTORIAFURT,,False,False,Specialized,24,MBBS,MCI-99527,TNMC-19882,1999,Active,2029-12-31,2023-12-20,Senior,West,Pacific,65,,Stanford University School of Medicine,2001,12-17-2026,HI
PRV_058,Mr. Christopher Hill Jr.,1.0,confirmed,USS WILLIAMS FPO AP 84502,0.98,confirmed,(112)144-0657,0.69,suspect,cardiology,1.0,confirmed,14282693902,0.95,confirmed,0.924,,84502,,+11121440657,False,False,Surgical,10,MBBS,MCI-96532,TNMC-12345,2014,Active,2029-12-31,2024-09-14,Mid,Unknown,Unknown,52,,Mayo Clinic Alix School of Medicine,2015,01-21-2027,Unknown
PRV_059,David Silva,1.0,confirmed,"038 GARCIA FORDS APT. 083 NEW ASHLEETON, MO 26422",0.84,updated,001-426-823-6035x1340,0.69,suspect,neurology,1.0,confirmed,14939339977,0.95,confirmed,0.8959999999999999,MO,26422,038 GARCIA FORDS APT. 083 NEW ASHLEETON,,False,False,Surgical,19,MBBS,MCI-53035,TNMC-53737,2003,Active,2028-12-31,2024-07-25,Senior,Midwest,Central,65,,"University of California, San Francisco School of Medicine",2006,07-26-2028,MO
PRV_060,Erika Clark,1.0,confirmed,"35083 MARIAH TRAIL WILKINSONMOUTH, ND 64853",0.86,updated,437.244.2093x712,0.655,suspect,pediatrics,1.0,confirmed,15684003010,0.95,confirmed,0.893,ND,35083,35083 MARIAH TRAIL WILKINSONMOUTH,,False,False,Primary Care,21,MBBS,MCI-21455,TNMC-38529,2004,Active,2029-12-31,2025-05-11,Senior,Midwest,Central,65,,Harvard Medical School,2004,02-13-2026,ND
PRV_061,Eric Gilbert,1.0,confirmed,"78257 LEWIS CAMP AMYBERG, UT 38087",0.91,confirmed,(286)000-5290x391,0.64,suspect,dermatology,1.0,confirmed,17788869683,0.95,confirmed,0.9,UT,78257,78257 LEWIS CAMP AMYBERG,,False,False,Specialized,14,MBBS,MCI-33017,TNMC-92294,2009,Active,2029-12-31,2024-02-05,Mid,West,Mountain,65,,Stanford University School of Medicine,2011,10-12-2028,UT
PRV_062,Eric Solis,1.0,confirmed,"4636 HEATHER FORGE JAMESSHIRE, WA 48813",0.87,updated,(858)858-8052,0.665,suspect,emergency,1.0,confirmed,18491549962,0.95,confirmed,0.897,WA,48813,4636 HEATHER FORGE JAMESSHIRE,+18588588052,False,False,Specialized,29,MBBS,MCI-20035,TNMC-82035,1996,Active,2026-12-31,2024-12-20,Senior,West,Pacific,75,,Stanford University School of Medicine,1996,02-11-2026,WA
PRV_063,Alec Finley,1.0,confirmed,"12601 MICHELE PLAZA APT. 137 PORT LAURAMOUTH, SC 00698",0.81,updated,001-264-040-3181x0063,0.69,suspect,orthopedics,1.0,confirmed,18995506831,0.95,confirmed,0.89,SC,12601,12601 MICHELE PLAZA APT. 137 PORT LAURAMOUTH,,False,False,Surgical,26,MBBS,MCI-74687,TNMC-21434,1998,Active,2028-12-31,2025-11-11,Senior,South,Eastern,65,,Stanford University School of Medicine,1999,01-31-2028,SC
PRV_064,Kelly Gardner,1.0,confirmed,"9910 ANDREA BRIDGE BOWMANSTAD, NE 88700",0.94,confirmed,613.795.9471x243,0.635,suspect,neurology,1.0,confirmed,18421977096,0.95,confirmed,0.905,NE,88700,9910 ANDREA BRIDGE BOWMANSTAD,,False,False,Surgical,32,MBBS,MCI-45979,TNMC-27989,1991,Active,2026-12-31,2024-07-14,Senior,Midwest,Central,65,,Harvard Medical School,1993,03-13-2027,NE
PRV_065,John Scott,1.0,confirmed,"43144 KELLEY VILLAGES LAKE DYLANSHIRE, MO 53817",0.86,updated,161-328-0448x85033,0.615,suspect,oncology,1.0,confirmed,14950089340,0.95,confirmed,0.885,MO,43144,43144 KELLEY VILLAGES LAKE DYLANSHIRE,,False,False,Specialized,27,MBBS,MCI-10256,TNMC-55517,1998,Active,2028-12-31,2024-01-29,Senior,Midwest,Central,65,,Northwestern University Feinberg School of Medicine,1998,02-01-2028,MO
PRV_066,Meghan Ho,1.0,confirmed,"30127 JENNIFER STREET WEST CHRISTOPHER, ME 95623",0.93,confirmed,163-408-8069x96504,0.62,suspect,orthopedics,1.0,confirmed,19105736915,0.95,confirmed,0.9,ME,30127,30127 JENNIFER STREET WEST CHRISTOPHER,,False,False,Surgical,17,MBBS,MCI-90438,TNMC-19128,2008,Active,2028-12-31,2024-02-08,Senior,Northeast,Eastern,65,,Johns Hopkins University School of Medicine,2008,08-24-2028,ME
PRV_067,Erika Cooper,1.0,confirmed,"70898 STANLEY HIGHWAY PAULLAND, ND 65936",1.0,confirmed,430.445.4729x3801,0.6,suspect,orthopedics,1.0,confirmed,12686260271,0.95,confirmed,0.91,ND,70898,70898 STANLEY HIGHWAY PAULLAND,,False,False,Surgical,18,MBBS,MCI-95179,TNMC-26602,2006,Active,2026-12-31,2024-01-25,Senior,Midwest,Central,65,,"University of California, San Francisco School of Medicine",2007,07-28-2028,ND
PRV_068,Brent Phillips,1.0,confirmed,"670 Cantu Villages Apt. 323 Lake Jeffreyview, FL 39995",0.75,updated,(951)222-3697,0.64,suspect,emergency,1.0,confirmed,18184485310,0.95,confirmed,0.868,FL,39995,670 Cantu Villages Apt. 323 Lake Jeffreyview,+19512223697,False,False,Specialized,18,MBBS,MCI-95291,TNMC-94028,2007,Active,2027-12-31,2025-06-26,Senior,South,Eastern,75,,"University of California, San Francisco School of Medicine",2007,01-30-2026,FL
PRV_069,Gary Vazquez,1.0,confirmed,Unit 1684 Box 6273 DPO AA 05403,0.76,updated,9571943619,0.655,suspect,neurology,1.0,confirmed,19440101466,0.95,confirmed,0.873,,05403,,+19571943619,False,False,Surgical,32,MBBS,MCI-46190,TNMC-12345,1991,Active,2026-12-31,2025-02-08,Senior,Unknown,Unknown,52,,Unknown,1993,11-28-2027,Unknown
PRV_070,Joanna Swanson,1.0,confirmed,USCGC MURRAY FPO AE 02716,0.93,confirmed,201-414-6659x71196,0.7,updated,dermatology,1.0,confirmed,17063386865,0.95,confirmed,0.916,,02716,,,False,False,Specialized,28,MBBS,MCI-76090,TNMC-12345,1997,Inactive,2027-12-31,2024-02-28,Senior,Unknown,Unknown,42,,Duke University School of Medicine,1997,07-20-2028,Unknown
PRV_071,Carlos Johnson,1.0,confirmed,"1320 MELISSA GROVES SUITE 406 SMITHFURT, ND 25772",0.89,updated,+18511306874,0.8200000000000001,updated,pediatrics,1.0,confirmed,12749873370,0.95,confirmed,0.932,ND,25772,1320 MELISSA GROVES SUITE 406 SMITHFURT,+18511306874,False,False,Primary Care,16,MBBS,MCI-73995,TNMC-53731,2008,Active,2028-12-31,2024-02-17,Senior,Midwest,Central,75,,University of Michigan Medical School,2009,08-11-2027,ND
PRV_072,Rhonda Smith,1.0,confirmed,"6534 SARAH VALLEY SUITE 350 DARLENESIDE, CO 69246",0.89,updated,001-823-394-7001x03935,0.725,updated,pediatrics,1.0,confirmed,14623272663,0.95,confirmed,0.913,CO,69246,6534 SARAH VALLEY SUITE 350 DARLENESIDE,,False,False,Primary Care,28,MBBS,MCI-70012,TNMC-12060,1994,Active,2029-12-31,2025-03-23,Senior,West,Mountain,65,,Duke University School of Medicine,1997,11-19-2027,CO
PRV_073,Michelle Brooks,1.0,confirmed,"5202 SHERRY VIEWS APT. 007 WEST HALEYPORT, HI 82183",0.91,confirmed,001-884-897-0145x6235,0.72,updated,emergency,1.0,confirmed,15550990659,0.3,suspect,0.786,HI,82183,5202 SHERRY VIEWS APT. 007 WEST HALEYPORT,,False,False,Specialized,11,MBBS,MCI-71646,TNMC-90068,2013,Active,2028-12-31,2025-08-23,Mid,West,Pacific,65,,"University of California, Los Angeles David Geffen School of Medicine",2014,09-11-2027,HI
PRV_074,Linda Morrison,1.0,confirmed,"6253 Smith Gardens Suite 281 Port Jenniferchester, OR 53172",0.76,updated,(445)306-3717x354,0.615,suspect,emergency,1.0,confirmed,16245795714,0.95,confirmed,0.865,OR,53172,6253 Smith Gardens Suite 281 Port Jenniferchester,,False,False,Specialized,11,MBBS,MCI-53319,OMMC-90988,2011,Active,2026-12-31,2024-10-03,Mid,West,Pacific,65,,University of Colorado School of Medicine,2014,02-14-2026,OR
PRV_075,Abigail Nash,1.0,confirmed,"0018 WANG AVENUE APT. 989 TRAVISBOROUGH, IA 67070",0.9,confirmed,512.613.6101x167,0.665,suspect,oncology,1.0,confirmed,13636248983,0.95,confirmed,0.903,IA,67070,0018 WANG AVENUE APT. 989 TRAVISBOROUGH,,False,False,Specialized,11,MBBS,MCI-74747,TNMC-84102,2012,Active,2027-12-31,2024-10-26,Mid,Midwest,Central,65,,Stanford University School of Medicine,2014,02-11-2028,IA
PRV_076,Brandon Osborne,1.0,confirmed,"56449 ANDREW VALLEY APT. 728 LEVISHIRE, MO 68192",0.92,confirmed,(904)335-4786,0.625,suspect,dermatology,1.0,confirmed,18784664414,0.3,suspect,0.769,MO,56449,56449 ANDREW VALLEY APT. 728 LEVISHIRE,+19043354786,False,False,Specialized,29,MBBS,MCI-85891,TNMC-68609,1996,Active,2026-12-31,2024-09-10,Senior,Midwest,Central,75,,Duke University School of Medicine,1996,06-01-2028,MO
PRV_077,Carolyn Hudson,1.0,confirmed,"95640 DANIEL WELL PORT RICHARD, RI 17350",0.98,confirmed,+16398936992,0.855,updated,dermatology,1.0,confirmed,19768978377,0.3,suspect,0.827,RI,95640,95640 DANIEL WELL PORT RICHARD,+16398936992,False,False,Specialized,12,MBBS,MCI-31776,TNMC-58438,2013,Suspended,2028-12-31,2024-09-17,Mid,Northeast,Eastern,75,,University of Washington School of Medicine,2013,08-15-2027,RI
PRV_078,Ryan Serrano,1.0,confirmed,"047 Kerri Circle West Paul, UT 88172",0.76,updated,987.395.1770x800,0.7050000000000001,updated,neurology,1.0,confirmed,19634051089,0.95,confirmed,0.883,UT,88172,047 Kerri Circle West Paul,,False,False,Surgical,22,MBBS,MCI-27604,TNMC-99266,2003,Active,2028-12-31,2024-06-22,Senior,West,Mountain,65,,Harvard Medical School,2003,02-09-2026,UT
PRV_079,Matthew Horne,1.0,confirmed,"3510 CHARLES TRACK EAST BRANDONFURT, WA 32093",0.93,confirmed,(255)041-0781,0.645,suspect,neurology,1.0,confirmed,15869307106,0.95,confirmed,0.905,WA,32093,3510 CHARLES TRACK EAST BRANDONFURT,+12550410781,False,False,Surgical,32,MBBS,MCI-77226,TNMC-28618,1993,Active,2028-12-31,2024-10-24,Senior,West,Pacific,75,,Stanford University School of Medicine,1993,03-06-2028,WA
PRV_080,Vanessa Graham,1.0,confirmed,"50773 GARY CENTER APT. 524 EAST DENISEBURY, WY 08046",0.99,confirmed,515-015-9796,0.64,suspect,orthopedics,1.0,confirmed,14130548527,0.95,confirmed,0.916,WY,50773,50773 GARY CENTER APT. 524 EAST DENISEBURY,+15150159796,False,False,Surgical,32,MBBS,MCI-55765,TNMC-18977,1991,Active,2026-12-31,2025-04-03,Senior,West,Mountain,75,,Duke University School of Medicine,1993,02-18-2026,WY
PRV_081,James Delgado,1.0,confirmed,"PSC 2752, BOX 3432 APO AA 29238",0.82,updated,+14447976746,0.8049999999999999,updated,orthopedics,1.0,confirmed,19988640258,0.95,confirmed,0.915,,29238,PSC 2752,+14447976746,False,False,Surgical,30,MBBS,MCI-29747,TNMC-12345,1993,Active,2028-12-31,2025-03-25,Senior,Unknown,Unknown,58,,Duke University School of Medicine,1995,02-14-2028,Unknown
PRV_082,Jennifer Gilmore,1.0,confirmed,"313 JEFF CROSSROAD SARATON, DC 46245",0.8,updated,118.139.1685x753,0.64,suspect,pediatrics,1.0,confirmed,14203073312,0.95,confirmed,0.8779999999999999,DC,46245,313 JEFF CROSSROAD SARATON,,False,False,Primary Care,19,MBBS,MCI-64029,TNMC-74280,2003,Active,2028-12-31,2024-09-21,Senior,Unknown,Unknown,55,,Unknown,2006,03-27-2028,Unknown
PRV_083,Tonya Rivera,1.0,confirmed,"78124 ANDREW REST APT. 726 PORT TERESAMOUTH, IL 05186",0.95,confirmed,206.191.8114x3271,0.61,suspect,neurology,1.0,confirmed,19560545756,0.95,confirmed,0.902,IL,78124,78124 ANDREW REST APT. 726 PORT TERESAMOUTH,,False,False,Surgical,14,MBBS,MCI-28268,TNMC-50158,2008,Active,2028-12-31,2025-06-23,Mid,Midwest,Central,65,,University of Colorado School of Medicine,2011,10-10-2025,IL
PRV_084,Eric Villanueva,1.0,confirmed,"6957 HARVEY LOCKS APT. 349 ALISHAMOUTH, WY 21550",0.82,updated,675-900-1433x0001,0.65,suspect,neurology,1.0,confirmed,12265949871,0.3,suspect,0.754,WY,21550,6957 HARVEY LOCKS APT. 349 ALISHAMOUTH,,False,False,Surgical,32,MBBS,MCI-86085,TNMC-20690,1990,Active,2030-12-31,2025-05-19,Senior,West,Mountain,65,,Duke University School of Medicine,1993,07-14-2027,WY
PRV_085,Mike Mason,1.0,confirmed,"95597 JACKSON GLEN APT. 997 JOSEPHBOROUGH, PA 75069",0.93,confirmed,157.238.0507x5322,0.6799999999999999,suspect,pediatrics,1.0,confirmed,14892429078,0.95,confirmed,0.912,PA,95597,95597 JACKSON GLEN APT. 997 JOSEPHBOROUGH,,False,False,Primary Care,21,MBBS,MCI-63012,TNMC-29653,2004,Active,2029-12-31,2024-03-08,Senior,Northeast,Eastern,65,,Stanford University School of Medicine,2004,02-20-2026,PA
PRV_086,Jordan Mullins,1.0,confirmed,"PSC 7264, BOX 1562 APO AP 12314",0.91,confirmed,+17592241619,0.885,updated,neurology,1.0,confirmed,18420196173,0.95,confirmed,0.949,,12314,PSC 7264,+17592241619,False,False,Surgical,19,MBBS,MCI-67865,TNMC-12345,2005,Active,2030-12-31,2024-02-28,Senior,Unknown,Unknown,58,,University of Texas Southwestern Medical Center,2006,02-22-2026,Unknown
PRV_087,Maria Clay,1.0,confirmed,"74982 Stein Mills Suite 820 Gomezberg, AL 43315",0.79,updated,(438)879-4086,0.625,suspect,cardiology,1.0,confirmed,13431764004,0.95,confirmed,0.873,AL,74982,74982 Stein Mills Suite 820 Gomezberg,+14388794086,False,False,Surgical,27,MBBS,MCI-16575,TNMC-97469,1998,Active,2028-12-31,2024-02-23,Senior,South,Eastern,75,,Duke University School of Medicine,1998,08-13-2027,AL
PRV_088,James White,1.0,confirmed,"940 YVONNE RUN EAST KIMMOUTH, NH 61121",0.87,updated,+10664218607,0.825,updated,orthopedics,1.0,confirmed,18768061043,0.95,confirmed,0.929,NH,61121,940 YVONNE RUN EAST KIMMOUTH,+10664218607,False,False,Surgical,19,MBBS,MCI-67884,TNMC-45777,2004,Active,2029-12-31,2024-08-16,Senior,Northeast,Eastern,75,,Unknown,2006,10-11-2028,NH
PRV_089,George Waller,1.0,confirmed,"4919 KATHY ISLE GARCIATOWN, NY 39998",0.81,updated,599-583-0041,0.71,updated,dermatology,1.0,confirmed,11424975490,0.95,confirmed,0.8939999999999999,NY,39998,4919 KATHY ISLE GARCIATOWN,+15995830041,False,False,Specialized,23,MBBS,MCI-34445,TNMC-42237,2001,Active,2026-12-31,2024-07-19,Senior,Northeast,Eastern,75,,Harvard Medical School,2002,02-04-2026,NY
PRV_090,Roger Bush,1.0,confirmed,"2904 BENJAMIN CROSSING SUITE 929 ERICTON, RI 43979",0.8,updated,049.740.8272,0.61,suspect,oncology,1.0,confirmed,19356892009,0.95,confirmed,0.8720000000000001,RI,43979,2904 BENJAMIN CROSSING SUITE 929 ERICTON,+10497408272,False,False,Specialized,28,MBBS,MCI-85778,TNMC-85684,1997,Active,2027-12-31,2024-10-06,Senior,Northeast,Eastern,75,,Harvard Medical School,1997,06-22-2028,RI
PRV_091,Madison Wheeler,1.0,confirmed,"9581 Doyle Vista Suite 483 North Travis, NH 31849",0.79,updated,5395664068,0.71,updated,orthopedics,1.0,confirmed,18397604270,0.95,confirmed,0.89,NH,31849,9581 Doyle Vista Suite 483 North Travis,+15395664068,False,False,Surgical,25,MBBS,MCI-50439,TNMC-86692,1999,Active,2029-12-31,2024-08-01,Senior,Northeast,Eastern,75,,Stanford University School of Medicine,2000,09-10-2027,NH
PRV_092,Timothy Stout,1.0,confirmed,"399 SCOTT ESTATE SUITE 761 ONEILLBERG, NY 39897",0.97,confirmed,+10081183725,0.905,confirmed,emergency,1.0,confirmed,19900082461,0.3,suspect,0.835,NY,39897,399 SCOTT ESTATE SUITE 761 ONEILLBERG,+10081183725,False,False,Specialized,20,MBBS,MCI-57665,TNMC-86802,2005,Suspended,2030-12-31,2024-11-01,Senior,Northeast,Eastern,75,,Harvard Medical School,2005,05-29-2025,NY
PRV_093,Chelsea Silva,1.0,confirmed,USNS BRADLEY FPO AP 70060,0.94,confirmed,001-839-728-7609x64856,0.7,updated,pediatrics,1.0,confirmed,19171306144,0.95,confirmed,0.918,,70060,,,False,False,Primary Care,22,MBBS,MCI-11763,TNMC-12345,2002,Active,2027-12-31,2024-01-20,Senior,Unknown,Unknown,42,,Unknown,2003,08-07-2028,Unknown
PRV_094,Jennifer Wang,1.0,confirmed,"49379 MASON HIGHWAY LAKE TARA, VA 34250",0.9,confirmed,+18532452070,0.915,confirmed,orthopedics,1.0,confirmed,12547524498,0.3,suspect,0.8230000000000001,VA,49379,49379 MASON HIGHWAY LAKE TARA,+18532452070,False,False,Surgical,22,MBBS,MCI-96969,TNMC-13708,2001,Active,2026-12-31,2025-03-03,Senior,South,Eastern,75,,Stanford University School of Medicine,2003,05-09-2025,VA
PRV_095,Debra Kelly,1.0,confirmed,"620 GRAY PARKWAYS WALTERSFORT, ID 33290",0.8,updated,(136)510-0171x2413,0.7050000000000001,updated,neurology,1.0,confirmed,13876671365,0.95,confirmed,0.891,ID,33290,620 GRAY PARKWAYS WALTERSFORT,,False,False,Surgical,25,MBBS,MCI-30403,TNMC-62678,1999,Active,2029-12-31,2025-11-15,Senior,West,Mountain,65,,Stanford University School of Medicine,2000,03-03-2026,ID
PRV_096,Aimee Perez,1.0,confirmed,"6584 JULIE PLAINS SUITE 366 RYANPORT, WA 79764",0.97,confirmed,+10899834882,0.8049999999999999,updated,orthopedics,1.0,confirmed,19993738754,0.95,confirmed,0.945,WA,79764,6584 JULIE PLAINS SUITE 366 RYANPORT,+10899834882,False,False,Surgical,32,MBBS,MCI-48545,TNMC-61248,1992,Active,2027-12-31,2025-01-23,Senior,West,Pacific,75,,Stanford University School of Medicine,1993,04-09-2025,WA
PRV_097,Kathleen Cantrell,1.0,confirmed,"2492 RAMIREZ PLAINS NORTH ANDREWVIEW, OH 41912",0.89,updated,040.636.7162,0.635,suspect,emergency,1.0,confirmed,19043964856,0.95,confirmed,0.8949999999999999,OH,41912,2492 RAMIREZ PLAINS NORTH ANDREWVIEW,+10406367162,False,False,Specialized,14,MBBS,MCI-49525,TNMC-84042,2010,Active,2030-12-31,2024-09-07,Mid,Midwest,Central,75,,"University of California, Los Angeles David Geffen School of Medicine",2011,12-18-2027,OH
PRV_098,Dominic Davis,1.0,confirmed,"0969 Harris Port Suite 386 Jacksonchester, DE 83224",0.76,updated,286.703.1820x44133,0.65,suspect,oncology,1.0,confirmed,19179875372,0.95,confirmed,0.8720000000000001,DE,83224,0969 Harris Port Suite 386 Jacksonchester,,False,False,Specialized,35,MBBS,MCI-42303,TNMC-65040,1988,Active,2028-12-31,2024-09-26,Senior,South,Eastern,65,,Stanford University School of Medicine,1990,03-02-2026,DE
PRV_099,Tina Elliott,1.0,confirmed,"481 STONE MEADOW SUITE 478 WILLIAMSIDE, MI 12867",0.95,confirmed,(151)504-9656,0.635,suspect,cardiology,1.0,confirmed,19596267019,0.3,suspect,0.7769999999999999,MI,12867,481 STONE MEADOW SUITE 478 WILLIAMSIDE,+11515049656,False,False,Surgical,18,MBBS,MCI-47165,TNMC-17121,2006,Active,2026-12-31,2024-02-28,Senior,Midwest,Central,75,,University of Michigan Medical School,2007,06-20-2027,MI
PRV_100,Steven Frederick,1.0,confirmed,"9863 JENNIFER CANYON RYANTOWN, LA 79041",0.91,confirmed,808-625-9190x77792,0.685,suspect,cardiology,1.0,confirmed,14504068059,0.3,suspect,0.779,LA,79041,9863 JENNIFER CANYON RYANTOWN,,False,False,Surgical,25,MBBS,MCI-87143,TNMC-76129,1998,Active,2028-12-31,2025-05-18,Senior,South,Central,65,,Stanford University School of Medicine,2000,10-23-2027,LA
PRV_101,Thomas Williams,1.0,confirmed,"600 Matthew Landing Samueltown, MA 16518",0.76,updated,996.529.5821x907,0.6799999999999999,suspect,orthopedics,1.0,confirmed,11498497791,0.95,confirmed,0.8779999999999999,MA,16518,600 Matthew Landing Samueltown,,False,False,Surgical,30,MS,MCI-71944,TNMC-50861,1995,Active,2030-12-31,2025-11-04,Senior,Northeast,Eastern,65,,Harvard Medical School,1995,02-16-2026,MA
PRV_102,Samuel Cox,1.0,confirmed,"003 HORN ESTATE NORTH JEFFBOROUGH, KY 61954",0.92,confirmed,+10231058982,0.91,confirmed,emergency,1.0,confirmed,15236480352,0.95,confirmed,0.956,KY,61954,003 HORN ESTATE NORTH JEFFBOROUGH,+10231058982,False,False,Specialized,18,MBBS,MCI-37370,TNMC-97654,2007,Inactive,2027-12-31,2025-07-03,Senior,South,Eastern,75,,University of Colorado School of Medicine,2007,05-08-2027,KY
PRV_103,Damon Manning,1.0,confirmed,"390 JOSEPH ISLAND PORT BARBARATON, WY 12985",0.9,confirmed,126-475-1621x703,0.665,suspect,neurology,1.0,confirmed,14297999467,0.95,confirmed,0.903,WY,12985,390 JOSEPH ISLAND PORT BARBARATON,,False,False,Surgical,35,MBBS,MCI-81164,TNMC-15925,1987,Active,2027-12-31,2025-03-26,Senior,West,Mountain,65,,Stanford University School of Medicine,1990,05-27-2027,WY
PRV_104,Peter Ramirez,1.0,confirmed,"17471 LEE SHORES PORT JOSHUA, IL 83434",0.96,confirmed,5037313997,0.655,suspect,cardiology,1.0,confirmed,19441904279,0.95,confirmed,0.913,IL,17471,17471 LEE SHORES PORT JOSHUA,+15037313997,False,False,Surgical,31,MBBS,MCI-93711,TNMC-23246,1991,Active,2026-12-31,2024-05-11,Senior,Midwest,Central,75,,Stanford University School of Medicine,1994,03-05-2026,IL
PRV_105,Kristen Duke,1.0,confirmed,"07598 MARSHALL ROAD SOUTH REBECCA, KY 38609",0.89,updated,282-178-4166x61558,0.6599999999999999,suspect,emergency,1.0,confirmed,17820089707,0.95,confirmed,0.9,KY,07598,07598 MARSHALL ROAD SOUTH REBECCA,,False,False,Specialized,34,MBBS,MCI-91768,TNMC-64707,1991,Active,2026-12-31,2024-12-18,Senior,South,Eastern,65,,Stanford University School of Medicine,1991,02-09-2026,KY
PRV_106,Joseph Burgess,1.0,confirmed,"17945 Green Well Suite 565 Fowlerstad, OR 02552",0.78,updated,001-650-685-2138,0.71,updated,oncology,1.0,confirmed,11524729150,0.95,confirmed,0.8879999999999999,OR,17945,17945 Green Well Suite 565 Fowlerstad,,False,False,Specialized,21,MBBS,MCI-43167,OMMC-48277,2001,Active,2026-12-31,2024-06-07,Senior,West,Pacific,65,,Stanford University School of Medicine,2004,11-14-2027,OR
PRV_107,Rachel Cooper,1.0,confirmed,"931 BAKER RAMP APT. 766 EAST SETH, KY 90817",0.83,updated,001-422-127-0001x18311,0.725,updated,neurology,1.0,confirmed,11884261102,0.95,confirmed,0.901,KY,90817,931 BAKER RAMP APT. 766 EAST SETH,,False,False,Surgical,12,MBBS,MCI-74354,TNMC-65748,2011,Active,2026-12-31,2024-03-04,Mid,South,Eastern,65,,Unknown,2013,12-07-2026,KY
PRV_108,Kara Washington,1.0,confirmed,"254 TURNER SUMMIT KATHLEENBERG, MO 46756",0.83,updated,+12265323581,0.92,confirmed,pediatrics,1.0,confirmed,13817105621,0.95,confirmed,0.94,MO,46756,254 TURNER SUMMIT KATHLEENBERG,+12265323581,False,False,Primary Care,27,MBBS,MCI-51597,TNMC-98418,1996,Active,2026-12-31,2025-11-27,Senior,Midwest,Central,75,,Northwestern University Feinberg School of Medicine,1998,11-18-2027,MO
PRV_109,James Shaw,1.0,confirmed,"00615 SCHMIDT MEADOWS SUITE 326 LAKE MATTHEWSTAD, SC 73433",0.81,updated,088-284-5793,0.62,suspect,dermatology,1.0,confirmed,18377442906,0.95,confirmed,0.876,SC,00615,00615 SCHMIDT MEADOWS SUITE 326 LAKE MATTHEWSTAD,+10882845793,False,False,Specialized,14,MBBS,MCI-58691,TNMC-39592,2008,Active,2028-12-31,2025-03-29,Mid,South,Eastern,75,,Tufts University School of Medicine,2011,07-08-2028,SC
PRV_110,Courtney Dixon,1.0,confirmed,"402 Moody Mill Amberchester, NY 73103",0.78,updated,242-191-4921x0347,0.63,suspect,oncology,1.0,confirmed,19386281442,0.95,confirmed,0.8720000000000001,NY,73103,402 Moody Mill Amberchester,,False,False,Specialized,19,MBBS,MCI-36474,TNMC-64998,2005,Active,2030-12-31,2025-01-10,Senior,Northeast,Eastern,65,,Johns Hopkins University School of Medicine,2006,01-05-2027,NY
PRV_111,Traci Richards,1.0,confirmed,"665 JARED LODGE SUITE 336 EAST STACEY, MN 47426",0.83,updated,483-991-1856x6055,0.65,suspect,pediatrics,1.0,confirmed,17409618518,0.95,confirmed,0.8859999999999999,MN,47426,665 JARED LODGE SUITE 336 EAST STACEY,,False,False,Primary Care,19,MBBS,MCI-73514,TNMC-62119,2005,Active,2030-12-31,2024-10-04,Senior,Midwest,Central,65,,Washington University in St. Louis School of Medicine,2006,10-17-2028,MN
PRV_112,Kimberly Stokes,1.0,confirmed,"94008 CINDY SPRINGS SUITE 617 EAST CHRISTINABOROUGH, WA 08547",0.94,confirmed,867-214-9282x173,0.645,suspect,oncology,1.0,confirmed,18075185816,0.3,suspect,0.7769999999999999,WA,94008,94008 CINDY SPRINGS SUITE 617 EAST CHRISTINABOROUGH,,False,False,Specialized,33,MBBS,MCI-83262,TNMC-16558,1991,Active,2026-12-31,2025-06-25,Senior,West,Pacific,65,,Stanford University School of Medicine,1992,07-15-2027,WA
PRV_113,Michael Webb,1.0,confirmed,"3383 ANDREW CIRCLES NEW BRYANBURGH, DE 99317",0.96,confirmed,678-524-5284x981,0.615,suspect,orthopedics,1.0,confirmed,18326430489,0.95,confirmed,0.905,DE,99317,3383 ANDREW CIRCLES NEW BRYANBURGH,,False,False,Surgical,13,MBBS,MCI-29914,TNMC-56979,2009,Active,2029-12-31,2025-11-14,Mid,South,Eastern,65,,Unknown,2012,01-12-2026,DE
PRV_114,Mary Turner,1.0,confirmed,"557 JOY MILL APT. 939 LEEVIEW, NH 51869",0.96,confirmed,849.389.2668,0.72,updated,cardiology,1.0,confirmed,14239604626,0.95,confirmed,0.926,NH,51869,557 JOY MILL APT. 939 LEEVIEW,+18493892668,False,False,Surgical,11,MBBS,MCI-32036,TNMC-69451,2013,Active,2028-12-31,2025-10-02,Mid,Northeast,Eastern,75,,Washington University in St. Louis School of Medicine,2014,09-03-2027,NH
PRV_115,Elizabeth Marquez,1.0,confirmed,"47557 LOGAN CAUSEWAY APT. 728 LAKE ELIZABETH, NY 70391",0.82,updated,+14920905391,0.88,updated,dermatology,1.0,confirmed,18356301190,0.3,suspect,0.8,NY,47557,47557 LOGAN CAUSEWAY APT. 728 LAKE ELIZABETH,+14920905391,False,False,Specialized,33,MBBS,MCI-80092,TNMC-11083,1992,Active,2027-12-31,2025-02-27,Senior,Northeast,Eastern,75,,Stanford University School of Medicine,1992,01-17-2026,NY
PRV_116,Barbara Johnson,1.0,confirmed,"7357 RACHEL COVES APT. 310 WILLIAMSTON, AZ 35901",0.83,updated,859-944-1524x1980,0.72,updated,neurology,1.0,confirmed,14358107318,0.95,confirmed,0.9,AZ,35901,7357 RACHEL COVES APT. 310 WILLIAMSTON,,False,False,Surgical,12,MBBS,MCI-15788,TNMC-23710,2011,Suspended,2026-12-31,2025-12-07,Mid,West,Mountain,65,,University of Washington School of Medicine,2013,12-29-2026,AZ
PRV_117,Nathaniel Roberts,1.0,confirmed,"PSC 3017, BOX 3917 APO AA 16644",0.83,updated,(176)947-2744x7131,0.62,suspect,oncology,1.0,confirmed,16974311253,0.95,confirmed,0.8800000000000001,,16644,PSC 3017,,False,False,Specialized,30,MBBS,MCI-54724,TNMC-12345,1995,Active,2030-12-31,2024-07-25,Senior,Unknown,Unknown,48,,Duke University School of Medicine,1995,05-16-2028,Unknown
PRV_118,Breanna Taylor,1.0,confirmed,"759 RODRIGUEZ PORTS APT. 654 DIANALAND, NV 87714",0.86,updated,(651)652-1141,0.61,suspect,neurology,1.0,confirmed,18850463084,0.95,confirmed,0.884,NV,87714,759 RODRIGUEZ PORTS APT. 654 DIANALAND,+16516521141,False,False,Surgical,26,MBBS,MCI-21292,TNMC-53709,1999,Active,2029-12-31,2024-11-25,Senior,West,Mountain,75,,Stanford University School of Medicine,1999,09-07-2025,NV
PRV_119,Christopher Wilkinson,1.0,confirmed,"6690 MATTHEWS PLACE EAST EMILY, PA 87201",0.9,confirmed,3113795156,0.7,updated,oncology,1.0,confirmed,15724683568,0.95,confirmed,0.91,PA,87201,6690 MATTHEWS PLACE EAST EMILY,+13113795156,False,False,Specialized,11,MBBS,MCI-31297,TNMC-10316,2011,Active,2026-12-31,2024-11-18,Mid,Northeast,Eastern,75,,Johns Hopkins University School of Medicine,2014,12-15-2027,PA
PRV_120,John Hanna,1.0,confirmed,"8630 NELSON ISLE EAST MARGARET, CA 45636",0.91,confirmed,885.593.6288,0.6699999999999999,suspect,pediatrics,1.0,confirmed,12111275739,0.95,confirmed,0.906,CA,45636,8630 NELSON ISLE EAST MARGARET,+18855936288,False,False,Primary Care,26,MBBS,MCI-71704,TNMC-84148,1998,Active,2028-12-31,2024-04-06,Senior,West,Pacific,75,,Stanford University School of Medicine,1999,02-20-2026,CA
PRV_121,Jennifer Saunders,1.0,confirmed,"64205 MELISSA TRAIL PHILLIPSIDE, MS 80773",0.82,updated,+15220236250,0.9,confirmed,emergency,1.0,confirmed,12148079222,0.95,confirmed,0.934,MS,64205,64205 MELISSA TRAIL PHILLIPSIDE,+15220236250,False,False,Specialized,18,MBBS,MCI-97281,TNMC-58553,2006,Active,2026-12-31,2024-12-23,Senior,South,Eastern,75,,University of Chicago Pritzker School of Medicine,2007,07-31-2027,MS
PRV_122,Stacey Macias,1.0,confirmed,"5530 KELLY HARBOR ROBINSONBERG, MA 31591",0.88,updated,349-540-2270,0.6799999999999999,suspect,emergency,1.0,confirmed,19620030613,0.95,confirmed,0.902,MA,31591,5530 KELLY HARBOR ROBINSONBERG,+13495402270,False,False,Specialized,31,MBBS,MCI-91354,TNMC-34681,1992,Active,2027-12-31,2024-08-24,Senior,Northeast,Eastern,75,,Stanford University School of Medicine,1994,10-26-2028,MA
PRV_123,Krista Wood,1.0,confirmed,"9352 JACKSON POINT APT. 976 WEST ANTHONYSTAD, NM 42164",0.94,confirmed,(149)258-8123x936,0.665,suspect,emergency,1.0,confirmed,19612150753,0.95,confirmed,0.911,NM,42164,9352 JACKSON POINT APT. 976 WEST ANTHONYSTAD,,False,False,Specialized,13,MBBS,MCI-93628,TNMC-28525,2009,Active,2029-12-31,2024-12-19,Mid,West,Mountain,65,,Harvard Medical School,2012,12-08-2027,NM
PRV_124,Mallory Massey,1.0,confirmed,UNIT 9811 BOX 3035 DPO AP 88767,0.86,updated,001-089-571-2161x9617,0.605,suspect,pediatrics,1.0,confirmed,17944380110,0.95,confirmed,0.883,,88767,,,False,False,Primary Care,35,MBBS,MCI-40647,TNMC-12345,1990,Active,2030-12-31,2024-07-12,Senior,Unknown,Unknown,42,,Unknown,1990,01-15-2026,Unknown
PRV_125,Samantha Brennan,1.0,confirmed,"6391 MATTHEW FOREST NANCYSTAD, AR 43850",0.99,confirmed,(758)280-4618x3576,0.725,updated,orthopedics,1.0,confirmed,18975354875,0.95,confirmed,0.933,AR,43850,6391 MATTHEW FOREST NANCYSTAD,,False,False,Surgical,12,MBBS,MCI-19023,TNMC-71781,2013,Suspended,2028-12-31,2025-06-22,Mid,South,Central,65,,"University of California, San Francisco School of Medicine",2013,10-17-2028,AR
PRV_126,Jesse Booth,1.0,confirmed,"4704 Williams Street East Stephanie, NC 44814",0.78,updated,502-981-0618,0.62,suspect,emergency,1.0,confirmed,16664397388,0.95,confirmed,0.8699999999999999,NC,44814,4704 Williams Street East Stephanie,+15029810618,False,False,Specialized,17,MBBS,MCI-58848,TNMC-29974,2007,Inactive,2027-12-31,2024-02-20,Senior,South,Eastern,75,,Emory University School of Medicine,2008,11-15-2027,NC
PRV_127,Cynthia Campbell,1.0,confirmed,"0551 Kirby Bypass Beanside, WA 09371",0.78,updated,251.021.6535x69391,0.635,suspect,orthopedics,1.0,confirmed,17937286590,0.95,confirmed,0.873,WA,09371,0551 Kirby Bypass Beanside,,False,False,Surgical,22,MBBS,MCI-17601,TNMC-28239,2002,Inactive,2027-12-31,2025-06-18,Senior,West,Pacific,65,,Stanford University School of Medicine,2003,03-07-2026,WA
PRV_128,Linda Clark,1.0,confirmed,UNIT 3362 BOX 3381 DPO AA 93685,0.87,updated,(851)211-2039x20540,0.7,updated,pediatrics,1.0,confirmed,15213342312,0.95,confirmed,0.904,,93685,,,False,False,Primary Care,14,MBBS,MCI-16957,TNMC-12345,2010,Active,2030-12-31,2024-01-01,Mid,Unknown,Unknown,42,,Unknown,2011,05-22-2028,Unknown
PRV_129,Barbara Cunningham,1.0,confirmed,"4100 REEVES CIRCLE CRYSTALVILLE, PA 58625",0.92,confirmed,552.871.8774x4773,0.7150000000000001,updated,pediatrics,1.0,confirmed,11260566369,0.95,confirmed,0.917,PA,58625,4100 REEVES CIRCLE CRYSTALVILLE,,False,False,Primary Care,34,MBBS,MCI-18449,TNMC-91253,1991,Active,2026-12-31,2024-08-11,Senior,Northeast,Eastern,65,,Harvard Medical School,1991,02-06-2027,PA
PRV_130,Alicia Roman,1.0,confirmed,"71457 HEBERT ORCHARD CAROLSHIRE, AZ 73479",0.91,confirmed,204-344-7931x21916,0.6950000000000001,suspect,cardiology,1.0,confirmed,11777201699,0.95,confirmed,0.911,AZ,71457,71457 HEBERT ORCHARD CAROLSHIRE,,False,False,Surgical,20,MBBS,MCI-85305,TNMC-81151,2005,Active,2030-12-31,2025-07-12,Senior,West,Mountain,65,,"University of California, Los Angeles David Geffen School of Medicine",2005,04-23-2027,AZ
PRV_131,Sheila Price,1.0,confirmed,"7679 HENDERSON TURNPIKE LAKE SHARIMOUTH, OK 81738",0.9,confirmed,540.608.2671x04370,0.71,updated,cardiology,1.0,confirmed,12738755637,0.3,suspect,0.782,OK,81738,7679 HENDERSON TURNPIKE LAKE SHARIMOUTH,,False,False,Surgical,17,MBBS,MCI-25420,TNMC-11631,2006,Active,2026-12-31,2024-06-18,Senior,South,Central,65,,Tufts University School of Medicine,2008,04-10-2027,OK
PRV_132,Zachary Cruz,1.0,confirmed,"431 ESPINOZA RAPIDS EAST JULIEPORT, OR 35035",0.84,updated,+17600203346,0.8200000000000001,updated,cardiology,1.0,confirmed,14124937480,0.95,confirmed,0.922,OR,35035,431 ESPINOZA RAPIDS EAST JULIEPORT,+17600203346,False,False,Surgical,25,MBBS,MCI-84598,OMMC-38026,1999,Active,2029-12-31,2024-09-12,Senior,West,Pacific,75,,Stanford University School of Medicine,2000,02-14-2026,OR
PRV_133,Mr. Carlos Brooks,1.0,confirmed,"24784 ROBERT VALLEY SUITE 166 CORYVILLE, MA 86948",0.95,confirmed,186.844.5436x632,0.6799999999999999,suspect,orthopedics,1.0,confirmed,19076480265,0.95,confirmed,0.916,MA,24784,24784 ROBERT VALLEY SUITE 166 CORYVILLE,,False,False,Surgical,32,MBBS,MCI-34141,TNMC-33344,1991,Active,2026-12-31,2025-05-08,Senior,Northeast,Eastern,65,,Stanford University School of Medicine,1993,10-06-2027,MA
PRV_134,Seth Silva,1.0,confirmed,"4439 Stevens River West Richardberg, TX 70991",0.78,updated,001-254-640-1571x2688,0.655,suspect,oncology,1.0,confirmed,19339887647,0.95,confirmed,0.877,TX,70991,4439 Stevens River West Richardberg,,False,False,Specialized,10,MBBS,MCI-89389,TNMC-27259,2014,Active,2029-12-31,2024-05-30,Mid,South,Central,65,,Johns Hopkins University School of Medicine,2015,03-17-2025,TX
PRV_135,Lawrence Wilson,1.0,confirmed,"189 KHAN ISLE ANTHONYVILLE, SD 17039",0.89,updated,(838)674-3576,0.635,suspect,dermatology,1.0,confirmed,15468227810,0.95,confirmed,0.8949999999999999,SD,17039,189 KHAN ISLE ANTHONYVILLE,+18386743576,False,False,Specialized,12,MBBS,MCI-30072,TNMC-33457,2012,Active,2027-12-31,2024-03-17,Mid,Midwest,Central,75,,Harvard Medical School,2013,02-06-2026,SD
PRV_136,Brooke Hall,1.0,confirmed,"9802 BURGESS SHOAL SUITE 228 KRUEGERMOUTH, ID 84202",0.86,updated,227.463.0182x01446,0.6699999999999999,suspect,orthopedics,1.0,confirmed,15418751759,0.95,confirmed,0.8959999999999999,ID,84202,9802 BURGESS SHOAL SUITE 228 KRUEGERMOUTH,,False,False,Surgical,32,MBBS,MCI-71272,TNMC-18948,1990,Active,2030-12-31,2024-12-26,Senior,West,Mountain,65,,Duke University School of Medicine,1993,06-24-2028,ID
PRV_137,Juan Mills,1.0,confirmed,"474 LINDSAY HEIGHTS APT. 088 LAURAVILLE, VA 59682",0.86,updated,001-153-627-2370x3416,0.6799999999999999,suspect,neurology,1.0,confirmed,14270241579,0.95,confirmed,0.898,VA,59682,474 LINDSAY HEIGHTS APT. 088 LAURAVILLE,,False,False,Surgical,29,MBBS,MCI-64693,TNMC-78687,1994,Inactive,2029-12-31,2024-10-05,Senior,South,Eastern,65,,Northwestern University Feinberg School of Medicine,1996,11-28-2028,VA
PRV_138,Sierra Kemp,1.0,confirmed,"6457 MCGUIRE FREEWAY COOPERVIEW, NE 67361",0.91,confirmed,434-527-2825x588,0.6,suspect,oncology,1.0,confirmed,12441791702,0.95,confirmed,0.892,NE,67361,6457 MCGUIRE FREEWAY COOPERVIEW,,False,False,Specialized,30,MBBS,MCI-50919,TNMC-74774,1994,Active,2029-12-31,2024-09-08,Senior,Midwest,Central,65,,Stanford University School of Medicine,1995,07-21-2027,NE
PRV_139,Christopher Trujillo,1.0,confirmed,"16739 STEVEN CIRCLES EAST YOLANDATON, IA 88635",0.97,confirmed,452-214-8742x38072,0.615,suspect,pediatrics,1.0,confirmed,16522236652,0.95,confirmed,0.907,IA,16739,16739 STEVEN CIRCLES EAST YOLANDATON,,False,False,Primary Care,16,MBBS,MCI-32577,TNMC-73991,2006,Inactive,2026-12-31,2024-03-03,Senior,Midwest,Central,65,,Unknown,2009,04-11-2028,IA
PRV_140,Julie Fernandez,1.0,confirmed,"0593 Catherine Fork Apt. 446 New Deborahville, VT 95704",0.77,updated,+17611191474,0.845,updated,neurology,1.0,confirmed,11650805453,0.95,confirmed,0.913,VT,95704,0593 Catherine Fork Apt. 446 New Deborahville,+17611191474,False,False,Surgical,28,MBBS,MCI-76903,TNMC-84549,1996,Active,2026-12-31,2024-01-14,Senior,Northeast,Eastern,75,,Stanford University School of Medicine,1997,09-12-2028,VT
PRV_141,Micheal Harrington,1.0,confirmed,"411 TOWNSEND UNIONS WEST KARENTON, DE 67751",0.81,updated,937.683.2280,0.6799999999999999,suspect,dermatology,1.0,confirmed,19413113994,0.95,confirmed,0.8879999999999999,DE,67751,411 TOWNSEND UNIONS WEST KARENTON,+19376832280,False,False,Specialized,33,MBBS,MCI-80778,TNMC-37722,1990,Active,2030-12-31,2025-07-21,Senior,South,Eastern,75,,Unknown,1992,03-02-2026,DE
PRV_142,Luis Henry,1.0,confirmed,"403 NICHOLSON PLACE LAKE CHRISTINETOWN, MI 86608",0.82,updated,625.733.0370x68312,0.62,suspect,pediatrics,1.0,confirmed,17871954994,0.95,confirmed,0.8779999999999999,MI,86608,403 NICHOLSON PLACE LAKE CHRISTINETOWN,,False,False,Primary Care,22,MBBS,MCI-69019,TNMC-44625,2000,Active,2030-12-31,2024-08-05,Senior,Midwest,Central,65,,Harvard Medical School,2003,01-13-2026,MI
PRV_143,Joseph Holmes,1.0,confirmed,"99451 JOEL HILLS NUNEZSTAD, ND 20074",0.9,confirmed,(894)394-2935x63155,0.63,suspect,neurology,1.0,confirmed,15929163648,0.95,confirmed,0.8960000000000001,ND,99451,99451 JOEL HILLS NUNEZSTAD,,False,False,Surgical,12,MBBS,MCI-83337,TNMC-59082,2013,Active,2028-12-31,2024-07-19,Mid,Midwest,Central,65,,University of Michigan Medical School,2013,12-07-2026,ND
PRV_144,John Rogers,1.0,confirmed,"3280 STEPHEN LOCKS LAKE JOSHUA, MT 20257",0.87,updated,030-197-9135x750,0.635,suspect,dermatology,1.0,confirmed,17440485462,0.95,confirmed,0.891,MT,20257,3280 STEPHEN LOCKS LAKE JOSHUA,,False,False,Specialized,26,MBBS,MCI-35240,TNMC-87722,1999,Active,2029-12-31,2025-05-01,Senior,West,Mountain,65,,Unknown,1999,10-30-2025,MT
PRV_145,Andrew Smith,1.0,confirmed,"319 Torres Ferry Medinaland, AZ 58293",0.79,updated,+12640333810,0.8300000000000001,updated,pediatrics,1.0,confirmed,19335689439,0.95,confirmed,0.914,AZ,58293,319 Torres Ferry Medinaland,+12640333810,False,False,Primary Care,33,MBBS,MCI-27117,TNMC-85359,1989,Active,2029-12-31,2024-01-04,Senior,West,Mountain,75,,Stanford University School of Medicine,1992,02-11-2026,AZ
PRV_146,Nathan Mays,1.0,confirmed,"4291 JENNIFER ISLAND APT. 481 WILLIAMSTOWN, NM 26538",0.94,confirmed,814-481-5228x196,0.63,suspect,dermatology,1.0,confirmed,13553977534,0.95,confirmed,0.904,NM,26538,4291 JENNIFER ISLAND APT. 481 WILLIAMSTOWN,,False,False,Specialized,33,MBBS,MCI-14318,TNMC-14545,1990,Active,2030-12-31,2025-09-26,Senior,West,Mountain,65,,Northwestern University Feinberg School of Medicine,1992,01-02-2028,NM
PRV_147,Cindy Schwartz,1.0,confirmed,"1488 ARELLANO HEIGHTS APT. 738 LAKE THOMASBOROUGH, OK 84308",0.85,updated,159-381-4658,0.69,suspect,orthopedics,1.0,confirmed,17721433681,0.95,confirmed,0.898,OK,84308,1488 ARELLANO HEIGHTS APT. 738 LAKE THOMASBOROUGH,+11593814658,False,False,Surgical,29,MBBS,MCI-30080,TNMC-35058,1996,Active,2026-12-31,2024-05-17,Senior,South,Central,75,,Stanford University School of Medicine,1996,02-08-2027,OK
PRV_148,Frederick White,1.0,confirmed,"247 AMANDA CREST WEST JAMES, HI 56381",0.85,updated,(768)913-0552,0.72,updated,dermatology,1.0,confirmed,14429943418,0.3,suspect,0.774,HI,56381,247 AMANDA CREST WEST JAMES,+17689130552,False,False,Specialized,29,MBBS,MCI-43092,TNMC-22468,1996,Active,2026-12-31,2024-06-03,Senior,West,Pacific,75,,Harvard Medical School,1996,03-01-2026,HI
PRV_149,Joseph Anderson,1.0,confirmed,"PSC 0253, BOX 8423 APO AA 25268",0.88,updated,183-362-7971x14206,0.62,suspect,neurology,1.0,confirmed,19902202867,0.3,suspect,0.76,,25268,PSC 0253,,False,False,Surgical,11,MBBS,MCI-77107,TNMC-12345,2012,Active,2027-12-31,2025-08-06,Mid,Unknown,Unknown,48,,University of Texas Southwestern Medical Center,2014,11-30-2028,Unknown
PRV_150,Thomas Fox,1.0,confirmed,"6160 THERESA MOUNTAIN CHAVEZVILLE, NY 70628",0.86,updated,001-957-919-7199x3558,0.615,suspect,neurology,1.0,confirmed,12737067390,0.95,confirmed,0.885,NY,70628,6160 THERESA MOUNTAIN CHAVEZVILLE,,False,False,Surgical,34,MBBS,MCI-66743,TNMC-21835,1991,Active,2026-12-31,2025-09-10,Senior,Northeast,Eastern,65,,Harvard Medical School,1991,01-10-2026,NY
PRV_151,Amy Ellison,1.0,confirmed,"141 MONICA MEADOW LAKE ANTHONY, NJ 67749",0.94,confirmed,(586)218-4789,0.725,updated,cardiology,1.0,confirmed,16509081556,0.95,confirmed,0.923,NJ,67749,141 MONICA MEADOW LAKE ANTHONY,+15862184789,False,False,Surgical,31,MBBS,MCI-91054,TNMC-51280,1994,Active,2029-12-31,2025-06-30,Senior,Northeast,Eastern,75,,Stanford University School of Medicine,1994,02-14-2025,NJ
PRV_152,Amanda Wilson,1.0,confirmed,"0306 BROOKS WALKS SUITE 307 NORTH MICHAEL, MO 01389",0.98,confirmed,910.774.3400,0.7050000000000001,updated,oncology,1.0,confirmed,11013619967,0.95,confirmed,0.927,MO,01389,0306 BROOKS WALKS SUITE 307 NORTH MICHAEL,+19107743400,False,False,Specialized,19,MBBS,MCI-69070,TNMC-26558,2005,Inactive,2030-12-31,2025-01-01,Senior,Midwest,Central,75,,University of Washington School of Medicine,2006,01-28-2026,MO
PRV_153,Joshua Henderson,1.0,confirmed,"25918 ANNETTE MOUNTAINS APT. 942 KRISTIFORT, OK 96635",0.89,updated,105.439.7880x22751,0.7,updated,orthopedics,1.0,confirmed,17502807197,0.95,confirmed,0.908,OK,25918,25918 ANNETTE MOUNTAINS APT. 942 KRISTIFORT,,False,False,Surgical,27,MBBS,MCI-54510,TNMC-62849,1995,Active,2030-12-31,2025-09-10,Senior,South,Central,65,,Stanford University School of Medicine,1998,01-24-2028,OK
PRV_154,Chelsea Reilly,1.0,confirmed,"68580 GILES PORTS APT. 548 AYALALAND, GA 39039",0.98,confirmed,+10449531018,0.855,updated,oncology,1.0,confirmed,19316419842,0.95,confirmed,0.957,GA,68580,68580 GILES PORTS APT. 548 AYALALAND,+10449531018,False,False,Specialized,25,MBBS,MCI-71847,TNMC-96289,1998,Active,2028-12-31,2025-06-04,Senior,South,Eastern,75,,Stanford University School of Medicine,2000,06-08-2025,GA
PRV_155,Kaitlyn Nguyen,1.0,confirmed,"PSC 2359, BOX 2612 APO AA 44641",0.9,confirmed,044-332-4706x9478,0.6699999999999999,suspect,orthopedics,1.0,confirmed,12225741919,0.95,confirmed,0.904,,44641,PSC 2359,,False,False,Surgical,13,MBBS,MCI-79031,TNMC-12345,2012,Active,2027-12-31,2025-11-17,Mid,Unknown,Unknown,48,,University of Florida College of Medicine,2012,07-27-2028,Unknown
PRV_156,Yolanda Jones,1.0,confirmed,"458 PHILLIP SPUR BRANDONVIEW, MN 77805",0.98,confirmed,001-404-490-6878,0.63,suspect,emergency,1.0,confirmed,15855153859,0.95,confirmed,0.912,MN,77805,458 PHILLIP SPUR BRANDONVIEW,,False,False,Specialized,26,MBBS,MCI-33062,TNMC-91238,1998,Active,2028-12-31,2024-09-17,Senior,Midwest,Central,65,,Stanford University School of Medicine,1999,06-05-2028,MN
PRV_157,Daniel Carpenter,1.0,confirmed,"6294 PATRICK DALE CAITLINCHESTER, TX 36535",0.95,confirmed,001-673-479-9156x56361,0.62,suspect,dermatology,1.0,confirmed,13698093465,0.95,confirmed,0.904,TX,36535,6294 PATRICK DALE CAITLINCHESTER,,False,False,Specialized,33,MBBS,MCI-38539,TNMC-28978,1991,Active,2026-12-31,2024-08-06,Senior,South,Central,65,,Stanford University School of Medicine,1992,05-17-2027,TX
PRV_158,Emily Mckinney,1.0,confirmed,"9647 SMITH RAPID NEW RICHARD, WA 18974",0.82,updated,481-612-8026x9883,0.65,suspect,neurology,1.0,confirmed,17082285122,0.3,suspect,0.754,WA,18974,9647 SMITH RAPID NEW RICHARD,,False,False,Surgical,21,MBBS,MCI-14660,TNMC-56287,2001,Active,2026-12-31,2024-08-18,Senior,West,Pacific,65,,Stanford University School of Medicine,2004,03-31-2028,WA
PRV_159,Kathleen Warren,1.0,confirmed,"743 ANTHONY ISLANDS SUITE 483 PORT TYLERBOROUGH, IA 71737",0.99,confirmed,001-275-144-9179x516,0.615,suspect,orthopedics,1.0,confirmed,19405345379,0.95,confirmed,0.911,IA,71737,743 ANTHONY ISLANDS SUITE 483 PORT TYLERBOROUGH,,False,False,Surgical,12,MBBS,MCI-20683,TNMC-99291,2013,Active,2028-12-31,2024-11-16,Mid,Midwest,Central,65,,"University of California, Los Angeles David Geffen School of Medicine",2013,10-27-2025,IA
PRV_160,Christina Jones,1.0,confirmed,"739 FRITZ PASSAGE SOUTH STEPHANIE, KS 29455",0.91,confirmed,001-949-066-1141x8077,0.7050000000000001,updated,orthopedics,1.0,confirmed,12280470696,0.3,suspect,0.783,KS,29455,739 FRITZ PASSAGE SOUTH STEPHANIE,,False,False,Surgical,30,MBBS,MCI-16355,TNMC-76442,1995,Active,2030-12-31,2024-02-12,Senior,Midwest,Central,65,,Harvard Medical School,1995,06-24-2028,KS
PRV_161,Melanie Marshall,1.0,confirmed,"4466 OLSEN CORNERS WEST DALTON, MD 45084",0.84,updated,(839)045-9912,0.65,suspect,cardiology,1.0,confirmed,16842522863,0.95,confirmed,0.8879999999999999,MD,45084,4466 OLSEN CORNERS WEST DALTON,+18390459912,False,False,Surgical,17,MBBS,MCI-84335,TNMC-14640,2006,Active,2026-12-31,2025-06-07,Senior,South,Eastern,75,,"University of California, San Francisco School of Medicine",2008,11-04-2027,MD
PRV_162,Beth Gentry,1.0,confirmed,"302 ROSE SPUR SUITE 600 SOUTH ANNAHAVEN, MT 59101",0.99,confirmed,387.901.8705x51461,0.62,suspect,cardiology,1.0,confirmed,14457829430,0.95,confirmed,0.912,MT,59101,302 ROSE SPUR SUITE 600 SOUTH ANNAHAVEN,,False,False,Surgical,32,MBBS,MCI-38023,TNMC-43448,1991,Active,2026-12-31,2025-03-09,Senior,West,Mountain,65,,Unknown,1993,05-20-2027,MT
PRV_163,Olivia Ferguson,1.0,confirmed,"2730 TONYA COURT APT. 347 TIFFANYSTAD, ID 29484",0.8,updated,(075)144-5700x057,0.615,suspect,pediatrics,1.0,confirmed,17888747356,0.95,confirmed,0.873,ID,29484,2730 TONYA COURT APT. 347 TIFFANYSTAD,,False,False,Primary Care,18,MBBS,MCI-21140,TNMC-75855,2006,Active,2026-12-31,2024-03-25,Senior,West,Mountain,65,,Yale School of Medicine,2007,06-12-2027,ID
PRV_164,Stacy Cook,1.0,confirmed,"301 MITCHELL VILLAGE EAST JEFFREYVIEW, IN 85814",0.83,updated,9482848369,0.6799999999999999,suspect,cardiology,1.0,confirmed,16339959885,0.95,confirmed,0.892,IN,85814,301 MITCHELL VILLAGE EAST JEFFREYVIEW,+19482848369,False,False,Surgical,12,MBBS,MCI-10375,TNMC-94104,2010,Suspended,2030-12-31,2025-05-14,Mid,Midwest,Central,75,,Mayo Clinic Alix School of Medicine,2013,02-01-2026,IN
PRV_165,Jerry Walters,1.0,confirmed,"71210 Samuel Curve Suite 927 Patrickborough, KS 86442",0.78,updated,347-023-5592x98192,0.7150000000000001,updated,cardiology,1.0,confirmed,16587754750,0.95,confirmed,0.889,KS,71210,71210 Samuel Curve Suite 927 Patrickborough,,False,False,Surgical,24,MBBS,MCI-62371,TNMC-27821,2000,Active,2030-12-31,2024-06-10,Senior,Midwest,Central,65,,Stanford University School of Medicine,2001,06-24-2027,KS
PRV_166,Erik Smith,1.0,confirmed,USS BROWN FPO AP 49786,0.94,confirmed,681.704.3949,0.645,suspect,dermatology,1.0,confirmed,15257598657,0.3,suspect,0.7769999999999999,,49786,,+16817043949,False,False,Specialized,12,MBBS,MCI-71460,TNMC-12345,2010,Active,2030-12-31,2024-05-07,Mid,Unknown,Unknown,52,,Unknown,2013,01-31-2025,Unknown
PRV_167,Daniel Dunn,1.0,confirmed,"279 JAMIE RUE SUITE 393 EDWARDVILLE, MO 57628",1.0,confirmed,2847633531,0.7150000000000001,updated,oncology,1.0,confirmed,17092423438,0.95,confirmed,0.933,MO,57628,279 JAMIE RUE SUITE 393 EDWARDVILLE,+12847633531,False,False,Specialized,10,MBBS,MCI-80155,TNMC-71305,2014,Active,2029-12-31,2024-03-05,Mid,Midwest,Central,75,,University of Washington School of Medicine,2015,02-27-2026,MO
PRV_168,Lisa West,1.0,confirmed,"291 Brittany Crest Amandabury, NY 41622",0.79,updated,312.761.8503,0.6599999999999999,suspect,orthopedics,1.0,confirmed,12257525422,0.95,confirmed,0.8800000000000001,NY,41622,291 Brittany Crest Amandabury,+13127618503,False,False,Surgical,19,MBBS,MCI-44148,TNMC-44192,2005,Active,2030-12-31,2025-11-18,Senior,Northeast,Eastern,75,,Columbia University College of Physicians and Surgeons,2006,07-12-2028,NY
PRV_169,Erica Williams,1.0,confirmed,"6513 CLAUDIA LOOP TURNERFURT, AK 37878",0.9,confirmed,+12978256171,0.915,confirmed,oncology,1.0,confirmed,13252932784,0.95,confirmed,0.953,AK,37878,6513 CLAUDIA LOOP TURNERFURT,+12978256171,False,False,Specialized,16,MS,MCI-36724,TNMC-55209,2006,Active,2026-12-31,2025-05-24,Senior,West,Pacific,75,,Unknown,2009,12-20-2026,AK
PRV_170,Jennifer Pittman,1.0,confirmed,"0249 DAVID PIKE DAVISSHIRE, KY 12055",0.87,updated,(623)037-1091x93386,0.6599999999999999,suspect,oncology,1.0,confirmed,18245730964,0.3,suspect,0.766,KY,12055,0249 DAVID PIKE DAVISSHIRE,,False,False,Specialized,32,MBBS,MCI-14325,TNMC-51993,1993,Active,2028-12-31,2024-11-23,Senior,South,Eastern,65,,Unknown,1993,08-20-2028,KY
PRV_171,Victor Kirby,1.0,confirmed,"9936 ALISHA STATION STEVENMOUTH, NY 36999",0.98,confirmed,(762)568-7690x91337,0.7150000000000001,updated,cardiology,1.0,confirmed,12888258055,0.95,confirmed,0.929,NY,36999,9936 ALISHA STATION STEVENMOUTH,,False,False,Surgical,22,MBBS,MCI-88721,TNMC-39507,2001,Active,2026-12-31,2023-12-11,Senior,Northeast,Eastern,65,,Harvard Medical School,2003,12-13-2026,NY
PRV_172,Erika Chavez,1.0,confirmed,"595 DANIEL RAPIDS SUITE 647 WEST SHEILAVIEW, MS 14405",0.84,updated,792.554.7430x382,0.69,suspect,dermatology,1.0,confirmed,18673311563,0.95,confirmed,0.8959999999999999,MS,14405,595 DANIEL RAPIDS SUITE 647 WEST SHEILAVIEW,,False,False,Specialized,34,MBBS,MCI-28943,TNMC-67348,1990,Active,2030-12-31,2024-03-20,Senior,South,Eastern,65,,Northwestern University Feinberg School of Medicine,1991,02-07-2026,MS
PRV_173,Shannon Gonzalez,1.0,confirmed,UNIT 3135 BOX 4826 DPO AA 14587,0.98,confirmed,890-951-8076,0.6599999999999999,suspect,emergency,1.0,confirmed,17131630827,0.95,confirmed,0.918,,14587,,+18909518076,False,False,Specialized,22,MBBS,MCI-64449,TNMC-12345,2002,Active,2027-12-31,2024-03-18,Senior,Unknown,Unknown,52,,Unknown,2003,01-09-2026,Unknown
PRV_174,Jeffrey Hale,1.0,confirmed,"90198 JENNIFER MOUNTAIN LAKE MICHAEL, NV 27464",0.98,confirmed,+13976386821,0.8500000000000001,updated,neurology,1.0,confirmed,13980178326,0.95,confirmed,0.956,NV,90198,90198 JENNIFER MOUNTAIN LAKE MICHAEL,+13976386821,False,False,Surgical,31,MBBS,MCI-29471,TNMC-39815,1992,Active,2027-12-31,2025-05-24,Senior,West,Mountain,75,,Stanford University School of Medicine,1994,09-18-2028,NV
PRV_175,Kristopher Ballard,1.0,confirmed,"7308 MARTINEZ TRAFFICWAY APT. 764 GAYSIDE, FL 88433",0.93,confirmed,9468409447,0.64,suspect,oncology,1.0,confirmed,19399522368,0.3,suspect,0.774,FL,88433,7308 MARTINEZ TRAFFICWAY APT. 764 GAYSIDE,+19468409447,False,False,Specialized,24,MBBS,MCI-34521,TNMC-12980,2000,Active,2030-12-31,2024-10-13,Senior,South,Eastern,75,,Stanford University School of Medicine,2001,03-31-2028,FL
PRV_176,Karina Velasquez,1.0,confirmed,Unit 7854 Box 2426 DPO AP 53991,0.78,updated,523.408.0034x6811,0.62,suspect,emergency,1.0,confirmed,12589134028,0.95,confirmed,0.8699999999999999,,53991,,,False,False,Specialized,31,MBBS,MCI-39392,TNMC-12345,1993,Active,2028-12-31,2024-01-01,Senior,Unknown,Unknown,42,,Unknown,1994,11-28-2027,Unknown
PRV_177,Steven Valentine,1.0,confirmed,"50929 ANDREA FERRY CONLEYCHESTER, LA 40136",0.8,updated,743-852-1230,0.6599999999999999,suspect,emergency,1.0,confirmed,16465456563,0.95,confirmed,0.882,LA,50929,50929 ANDREA FERRY CONLEYCHESTER,+17438521230,False,False,Specialized,10,MBBS,MCI-94432,TNMC-53991,2015,Active,2030-12-31,2024-04-12,Mid,South,Central,75,,Unknown,2015,08-11-2025,LA
PRV_178,Brittany Cooper,1.0,confirmed,USNV JOHNSON FPO AP 33362,0.8,updated,001-891-314-5697x62250,0.605,suspect,oncology,1.0,confirmed,13104208733,0.95,confirmed,0.8710000000000001,,33362,,,False,False,Specialized,35,MBBS,MCI-65696,TNMC-12345,1989,Active,2029-12-31,2024-02-02,Senior,Unknown,Unknown,42,,Stanford University School of Medicine,1990,08-15-2025,Unknown
PRV_179,Heidi King,1.0,confirmed,"72613 MITCHELL ROW SUITE 546 EAST KATELYN, CA 72173",1.0,confirmed,+12847966182,0.845,updated,orthopedics,1.0,confirmed,11100239465,0.95,confirmed,0.959,CA,72613,72613 MITCHELL ROW SUITE 546 EAST KATELYN,+12847966182,False,False,Surgical,14,MBBS,MCI-23170,TNMC-97247,2009,Active,2029-12-31,2025-10-11,Mid,West,Pacific,75,,Stanford University School of Medicine,2011,01-25-2028,CA
PRV_180,Michael Harrison,1.0,confirmed,"3926 JEFFREY PASSAGE LAKE MICHEAL, NE 06578",0.95,confirmed,001-009-332-3265x515,0.7050000000000001,updated,emergency,1.0,confirmed,17719414734,0.95,confirmed,0.921,NE,06578,3926 JEFFREY PASSAGE LAKE MICHEAL,,False,False,Specialized,22,MBBS,MCI-43316,TNMC-95008,2001,Active,2026-12-31,2024-06-06,Senior,Midwest,Central,65,,Harvard Medical School,2003,03-17-2027,NE
PRV_181,Linda Blankenship,1.0,confirmed,"388 STEVEN JUNCTION DONALDLAND, AZ 33116",0.8,updated,001-685-263-7329x52732,0.69,suspect,pediatrics,1.0,confirmed,14378598236,0.95,confirmed,0.8879999999999999,AZ,33116,388 STEVEN JUNCTION DONALDLAND,,False,False,Primary Care,22,MBBS,MCI-30133,TNMC-43424,2003,Active,2028-12-31,2023-12-11,Senior,West,Mountain,65,,Stanford University School of Medicine,2003,03-04-2026,AZ
PRV_182,Charles Murphy,1.0,confirmed,"40533 ROWLAND CROSSING PORT CHRISTINESHIRE, GA 73928",0.91,confirmed,001-923-614-7192x278,0.615,suspect,emergency,1.0,confirmed,12821517445,0.95,confirmed,0.8949999999999999,GA,40533,40533 ROWLAND CROSSING PORT CHRISTINESHIRE,,False,False,Specialized,18,MBBS,MCI-97466,TNMC-40799,2005,Active,2030-12-31,2025-01-02,Senior,South,Eastern,65,,University of Washington School of Medicine,2007,07-22-2028,GA
PRV_183,Christian Harrington,1.0,confirmed,UNIT 3948 BOX 1689 DPO AA 07341,0.81,updated,(032)591-1521,0.685,suspect,orthopedics,1.0,confirmed,12860444000,0.95,confirmed,0.889,,07341,,+10325911521,False,False,Surgical,31,MBBS,MCI-46404,TNMC-12345,1993,Suspended,2028-12-31,2024-01-20,Senior,Unknown,Unknown,52,,Unknown,1994,02-02-2026,Unknown
PRV_184,Elizabeth Foster,1.0,confirmed,"01383 SARAH RIVER SOUTH SHARONMOUTH, CA 99041",0.81,updated,637-059-1369x8964,0.625,suspect,neurology,1.0,confirmed,17213939989,0.3,suspect,0.747,CA,01383,01383 SARAH RIVER SOUTH SHARONMOUTH,,False,False,Surgical,16,MBBS,MCI-29510,TNMC-87634,2008,Active,2028-12-31,2024-03-07,Senior,West,Pacific,65,,Stanford University School of Medicine,2009,06-07-2027,CA
PRV_185,James Miller,1.0,confirmed,"11710 SUSAN FERRY SOUTH KATHY, MO 58967",0.84,updated,797-938-5675x49818,0.6599999999999999,suspect,pediatrics,1.0,confirmed,12833844903,0.95,confirmed,0.89,MO,11710,11710 SUSAN FERRY SOUTH KATHY,,False,False,Primary Care,13,MBBS,MCI-35432,TNMC-82764,2011,Active,2026-12-31,2023-12-24,Mid,Midwest,Central,65,,Unknown,2012,01-09-2027,MO
PRV_186,David James,1.0,confirmed,"PSC 7039, BOX 1450 APO AE 96188",0.82,updated,095-174-1747,0.6950000000000001,suspect,neurology,1.0,confirmed,19736422635,0.95,confirmed,0.893,,96188,PSC 7039,+10951741747,False,False,Surgical,35,MBBS,MCI-58838,TNMC-12345,1987,Active,2027-12-31,2025-07-21,Senior,Unknown,Unknown,58,,Duke University School of Medicine,1990,05-30-2028,Unknown
PRV_187,Brenda Watson,1.0,confirmed,"048 SHELBY HARBOR APT. 861 NEW JOHN, TN 56854",0.86,updated,+11874482096,0.8400000000000001,updated,orthopedics,1.0,confirmed,18570078333,0.95,confirmed,0.93,TN,56854,048 SHELBY HARBOR APT. 861 NEW JOHN,+11874482096,False,False,Surgical,29,MBBS,MCI-35783,TNMC-55307,1994,Active,2029-12-31,2024-12-19,Senior,South,Eastern,75,,Stanford University School of Medicine,1996,01-12-2026,TN
PRV_188,Austin Chaney,1.0,confirmed,"7433 GAINES UNDERPASS EAST LAURA, SD 81096",0.84,updated,001-772-950-2212x002,0.6799999999999999,suspect,neurology,1.0,confirmed,15153143596,0.3,suspect,0.764,SD,81096,7433 GAINES UNDERPASS EAST LAURA,,False,False,Surgical,33,MBBS,MCI-27353,TNMC-88313,1992,Active,2027-12-31,2024-01-20,Senior,Midwest,Central,65,,Harvard Medical School,1992,03-30-2025,SD
PRV_189,Abigail Espinoza,1.0,confirmed,"6546 LAMB FORD SUITE 181 LAKE MICHAELLAND, ME 47971",0.82,updated,058.809.2932,0.69,suspect,oncology,1.0,confirmed,13073289151,0.95,confirmed,0.892,ME,47971,6546 LAMB FORD SUITE 181 LAKE MICHAELLAND,+10588092932,False,False,Specialized,22,MBBS,MCI-91087,TNMC-73641,2002,Active,2027-12-31,2024-05-25,Senior,Northeast,Eastern,75,,Stanford University School of Medicine,2003,01-30-2026,ME
PRV_190,Jason Keith,1.0,confirmed,"0572 MICHAEL PLAINS DEREKCHESTER, UT 66060",0.98,confirmed,401-549-3143x244,0.62,suspect,emergency,1.0,confirmed,12730378179,0.3,suspect,0.78,UT,66060,0572 MICHAEL PLAINS DEREKCHESTER,,False,False,Specialized,15,MBBS,MCI-51199,TNMC-26910,2009,Active,2029-12-31,2025-06-03,Senior,West,Mountain,65,,Washington University in St. Louis School of Medicine,2010,04-09-2027,UT
PRV_191,Terry Thompson,1.0,confirmed,"9564 RAMOS PLACE JACKSONLAND, MA 62482",0.89,updated,+14381506064,0.815,updated,cardiology,1.0,confirmed,14324047498,0.95,confirmed,0.931,MA,62482,9564 RAMOS PLACE JACKSONLAND,+14381506064,False,False,Surgical,12,MBBS,MCI-32260,TNMC-55456,2012,Inactive,2027-12-31,2025-02-11,Mid,Northeast,Eastern,75,,Harvard Medical School,2013,01-08-2026,MA
PRV_192,April Ruiz,1.0,confirmed,"4556 DAVID EXTENSIONS APT. 482 PORT CAROLFURT, AR 78677",0.95,confirmed,015.189.6579x55271,0.6950000000000001,suspect,neurology,1.0,confirmed,16784547907,0.95,confirmed,0.919,AR,78677,4556 DAVID EXTENSIONS APT. 482 PORT CAROLFURT,,False,False,Surgical,32,MBBS,MCI-39226,TNMC-95500,1991,Active,2026-12-31,2024-09-10,Senior,South,Central,65,,Stanford University School of Medicine,1993,01-01-2027,AR
PRV_193,Travis Jordan,1.0,confirmed,"9400 Garza Union Adamfurt, TN 61053",0.77,updated,5889376735,0.685,suspect,neurology,1.0,confirmed,11817151629,0.95,confirmed,0.881,TN,61053,9400 Garza Union Adamfurt,+15889376735,False,False,Surgical,17,MBBS,MCI-35742,TNMC-17857,2005,Active,2030-12-31,2024-02-24,Senior,South,Eastern,75,,Duke University School of Medicine,2008,11-30-2027,TN
PRV_194,Sherry Green,1.0,confirmed,"769 DELGADO CRESCENT PORT RONALD, NJ 15305",0.85,updated,001-438-530-7880x61228,0.69,suspect,dermatology,1.0,confirmed,18323548917,0.95,confirmed,0.898,NJ,15305,769 DELGADO CRESCENT PORT RONALD,,False,False,Specialized,26,MBBS,MCI-78508,TNMC-84449,1997,Active,2027-12-31,2025-11-29,Senior,Northeast,Eastern,65,,Stanford University School of Medicine,1999,07-07-2028,NJ
PRV_195,Derek Vaughn,1.0,confirmed,UNIT 2302 BOX 5695 DPO AE 66709,0.93,confirmed,001-263-944-5239,0.64,suspect,oncology,1.0,confirmed,13069776966,0.95,confirmed,0.904,,66709,,,False,False,Specialized,19,MBBS,MCI-53525,TNMC-12345,2005,Active,2030-12-31,2024-03-15,Senior,Unknown,Unknown,42,,Unknown,2006,12-05-2027,Unknown
PRV_196,William Gibson,1.0,confirmed,"7696 BLACK CRESCENT CASEYTOWN, AR 98616",0.81,updated,001-610-148-5611x23809,0.63,suspect,cardiology,1.0,confirmed,14293617158,0.95,confirmed,0.8779999999999999,AR,98616,7696 BLACK CRESCENT CASEYTOWN,,False,False,Surgical,11,MBBS,MCI-46372,TNMC-19281,2012,Active,2027-12-31,2025-01-06,Mid,South,Central,65,,University of Colorado School of Medicine,2014,07-27-2027,AR
PRV_197,Kimberly Bennett,1.0,confirmed,"293 KIMBERLY MILLS SMITHFORT, OK 61928",0.82,updated,001-579-064-8206x303,0.725,updated,cardiology,1.0,confirmed,16329672331,0.95,confirmed,0.899,OK,61928,293 KIMBERLY MILLS SMITHFORT,,False,False,Surgical,10,MBBS,MCI-27514,TNMC-21441,2013,Active,2028-12-31,2025-01-20,Mid,South,Central,65,,University of Washington School of Medicine,2015,10-11-2027,OK
PRV_198,Mercedes Ware,1.0,confirmed,"50827 Le Coves Suite 895 West Walter, ID 30460",0.78,updated,208-305-0513,0.6699999999999999,suspect,oncology,1.0,confirmed,14087194767,0.95,confirmed,0.8800000000000001,ID,50827,50827 Le Coves Suite 895 West Walter,+12083050513,False,False,Specialized,15,MBBS,MCI-52544,TNMC-64557,2010,Active,2030-12-31,2023-12-18,Senior,West,Mountain,75,,"University of California, San Francisco School of Medicine",2010,07-07-2025,ID
PRV_199,Justin Dennis,1.0,confirmed,"6140 ELIZABETH GROVES SUITE 944 LAKE JENNIFERSIDE, OH 61962",0.89,updated,503.594.5733x56175,0.635,suspect,cardiology,1.0,confirmed,12605715690,0.95,confirmed,0.8949999999999999,OH,61962,6140 ELIZABETH GROVES SUITE 944 LAKE JENNIFERSIDE,,False,False,Surgical,25,MBBS,MCI-87556,TNMC-54346,2000,Inactive,2030-12-31,2025-04-12,Senior,Midwest,Central,65,,Northwestern University Feinberg School of Medicine,2000,12-12-2026,OH
PRV_200,Angela Holland,1.0,confirmed,"64933 MARK LODGE CAMERONVIEW, VA 56176",0.85,updated,(583)785-0379,0.62,suspect,oncology,1.0,confirmed,19581100912,0.95,confirmed,0.884,VA,64933,64933 MARK LODGE CAMERONVIEW,+15837850379,False,False,Specialized,10,MBBS,MCI-32437,TNMC-55542,2012,Active,2027-12-31,2024-12-11,Mid,South,Eastern,75,,"University of California, San Francisco School of Medicine",2015,01-30-2028,VA
